(Não Modificar) Conta;(Não Modificar) Soma de Verificação da Linha;(Não Modificar) Data de Modificação;ID da Escola;Nome da Escola;Status da Escola;Cluster;Carteira SAF;CNPJ;Logradouro Escola;Bairro Escola;CEP Escola;Cidade da Escola;Estado da Escola;Região da Escola;Telefone de Contato da Escola;E-mail da Escola
c3587e0a-fb95-ee11-be37-000d3a889d88;TwwdSXKIP7UzdOYgnbDb+GmrJ9mmHx9NDVn66embh0PwuygBz0pB6yvsx74SdrI9+CqV/fAEUxcIdJjsk6GzFg==;08/09/2025 12:50;793;Maple Bear Arcoverde;Implantando;Implantação;TATIANE BARBOSA DOS SANTOS XAVIER;52369877000158;Rua Um;Cidade Jardim;56507125;Arcoverde;PE;Nordeste;8198992050;MAPLEBEAR.ARCOVERDE@GMAIL.COM
50cd7d10-fb95-ee11-be37-000d3a889d88;N8BHXE563qUclh0C8/L2gkUG7Apd06Ou4w9d/MYCWPBeDcG0Q6Mwf3RFjMoDu8EvQnVyaizkOVyGUKzuevOzOw==;08/09/2025 12:50;790;Maple Bear Pindamonhangaba;Implantando;Implantação;TATIANE BARBOSA DOS SANTOS XAVIER;52363252000189;Rua Alcides Ramos Nogueira;Condominio Residencial Real Ville;12421705;Pindamonhangaba;SP;Sudeste;1141233344;LEGALIZACAO@SCLEMPRESARIAL.COM.BR
e8ce7d10-fb95-ee11-be37-000d3a889d88;ZavlhvN0Fka7/xbzZOadfoW6s+gD3uWpS6W1aIldLlvqnemRdrPMORY5cpeGU6vE046uSJD8cnieQWsj32rM3A==;25/03/2025 20:23;802;Maple Bear Balsas;Implantando;Implantação;TATIANE BARBOSA DOS SANTOS XAVIER;52936569000167;Rua 28;;65800000;Balsas;MA;Nordeste;9991560600;AUGUSTOSCONTABILIDADE@GMAIL.COM
2db86622-fb95-ee11-be37-000d3a889d88;CP38qasVsd3C1r3o7zJCq9BO16xchq348RmL+cNZmLUcVLZCi+Z5BThc06if/iWF1lnCPPCExHLwTp5jwmecQQ==;31/03/2025 14:45;679;Maple Bear Paracatu - Centro I;Implantando;Implantação;TATIANE BARBOSA DOS SANTOS XAVIER;48682676000139;Rua Manoel Melo Franco;Centro;38600260;Paracatu;MG;Sudeste;3897543390;NP.CONTABIL@OUTLOOK.COM
41035f28-fb95-ee11-be37-000d3a889d88;9Jo0I0SM3vah9ZXRbkUDqbBRdKGz2aR1PQnwzfgIWm2IvxXFHfSVOm7uSgXgjQR1AK+omTi20VlfedACoWV33g==;20/05/2025 17:51;742;Maple Bear Conselheiro Lafaiete - Areal I;Implantando;Implantação;TATIANE BARBOSA DOS SANTOS XAVIER;44278187000165;Rua Valério Eugênio;Areal;36407006;Conselheiro Lafaiete;MG;Sudeste;3188661010;WANDERSONCOOPVEST@YAHOO.COM.BR
72045f28-fb95-ee11-be37-000d3a889d88;rLN+0lJWZxPHyvjcnvS52wRn0FupPI0oUeOFAoCTx4Vxl4lmZRMqD+A98xVhta4UphjEB95XD5WhH2wLmPKVMg==;31/03/2025 14:45;688;Maple Bear Araguaína - Alaska II;Implantando;Implantação;TATIANE BARBOSA DOS SANTOS XAVIER;46037833000128;Av. Dom Bosco;Alaska Ii;77813650;Araguaína;TO;Norte;6392010114;MBA.DIREG@GMAIL.COM
54e9d522-6497-ee11-be37-000d3a88f98e;4NQAU7UZOSzdHH88m2nzBxqgP1hpElbZJKY6NUof0wTObu1bqhQHrWTVYk7NIaBMmtF49T1yE39MfHNQ9rpDEg==;25/03/2025 19:59;859;Maple Bear Mossoró;Implantando;Implantação;TATIANE BARBOSA DOS SANTOS XAVIER;33150977000144;Rua Engenheiro Antônio Lira;Tirol;59015320;Natal;RN;Nordeste;8420100067;CONTATO@M2CONTABILIDADE.NET
9fb8d217-3df8-ee11-a1fe-000d3a88fd4c;drwO/y0Kmr/LvK59FhavLi4g5/YGEj17u8FkaUgYMBptaxpllfQmrFx7JoyRPgbkJUcSj+/d6XtFwCV2Sqcw4A==;11/07/2025 20:14;784;Maple Bear Sete Lagoas;Implantando;Implantação;TATIANE BARBOSA DOS SANTOS XAVIER;51722639000111;Rua Cachoeira da Prata;Canaã;35700318;Sete Lagoas;MG;Sudeste;3432415920;ESCBANDEIRANTES@ESCBANDEIRANTES.COM.BR
c07cb285-42f8-ee11-a1fe-000d3a88fd4c;JbR0ZgTUcjunUaTbWTE34bBfOiQVoX26mJsmsLVd/vqBmcfWFkHlZodF/CrGrjYokGsT9ZGirU1RObILUXz1+w==;08/09/2025 12:51;805;Maple Bear São Paulo - Parque São Jorge;Implantando;Implantação;TATIANE BARBOSA DOS SANTOS XAVIER;60597044005301;Rua Ivaí;Tatuapé;03080010;São Paulo;SP;Sudeste;1136758995;juridico@ligasolidaria.org.br
c506d668-8a09-ef11-9f89-0022483683f9;mqxDp6LcHp5jB1qZGgfcmJiUGO7lsGTLddMpv8zNJLhhTlDXUaL8H+JcpR10bz7psY3OTJreI2f6vDCJ38f7Rg==;30/07/2025 17:14;856;Maple Bear Itumbiara - Centro;Implantando;Implantação;TATIANE BARBOSA DOS SANTOS XAVIER;54975468000120;Rua Tiradentes;Santa Inês;75526160;Itumbiara;GO;Centro-Oeste;6499317551;CRCAUL@HOTMAIL.COM
753a3d42-4ef8-ee11-a1fe-002248df22f1;6JkffcD+JUSBXK+OVM5BpbFi7O7yfVE8xCrBrdFHDTbMfFEyAEqTfNnfMoJpWq7V5YmFEqIibtTfzq/iE7Tfeg==;08/09/2025 12:51;865;Maple Bear Teixeira De Freitas;Implantando;Implantação;TATIANE BARBOSA DOS SANTOS XAVIER;57140696000179;EST FAZENDA RANCHO NOVO MEXICO;Área Rural de Teixeira de Freitas;45996899;Teixeira de Freitas;BA;Nordeste;1147525404;DIRETORIA@REDEMADEIRA.COM
773a3d42-4ef8-ee11-a1fe-002248df22f1;iVB/V2wU3GeUfY+YXfPYVIUdES9B2MflY52z+H/pJh2Mnb0qSZU1W64i7CYfc0/OJl0MdvLJt7zIonmqGGTdnw==;13/05/2025 18:22;848;Maple Bear Goiás - Mineiros;Implantando;Implantação;TATIANE BARBOSA DOS SANTOS XAVIER;54776230000176;Avenida José Umbelino Pio;Setor Parque São José;75831098;Mineiros;GO;Centro-Oeste;6499891970;TELEYDORO@HOTMAIL.COM
c6e509cd-b588-f011-b4cb-6045bda6d179;no9Ld+unAmXQBmnIWXyaCUnOxJm1fCvUr466CdA69YHBvNE5D+W8rWL+sb9FEc6KcV7lElNIQBTRm2NF1cs5ZQ==;08/09/2025 12:51;;Maple Bear Minas Gerais - Betim;Implantando;;ANA PAULA OLIVEIRA DE ANDRADE;33908214000381;Rua Antônio Lemos Filho;Angola;32604224;Betim;MG;Sudeste;3198569766;DANIELLE@ACCOUNTASSESSORIA.COM.BR
97a4e45a-8c48-f011-877a-000d3a1b93fd;ZbKcEl47ISisA7JizcXpCRJJO8vlKBTovdSY9wW1lgvlZ+w1dC8EKV3CWE1F/IQDLJALKpsqd8sELuHJrboGdg==;01/09/2025 19:37;873;Maple Bear Rio de Janeiro - Campo Grande - Itaguaí;Operando;Implantação;TATIANE BARBOSA DOS SANTOS XAVIER;54462771000200;Estrada do Mendanha;Campo Grande;23087285;Rio de Janeiro;RJ;Sudeste;2199836346;alramorim@yahoo.com.br
28a78cf8-0c96-ee11-be37-000d3a88970d;2w4hjY0jhwIN8YGVpSRjQPVc9qRe/CS6NG4hz9yCIJP4/IsJcgFrYP9k1wjCDuDxxdKW5CXV/dYoukM7NnNhgg==;27/08/2025 12:52;830;Maple Bear Goiânia - Marista II;Operando;Alta Performance;INGRID VANIA MAZZEI DE OLIVEIRA;23431641000104;Rua 1130;Setor Marista;74180090;Goiânia;GO;Centro-Oeste;6230861444;goiania@maplebear.com.br
27cf7d10-fb95-ee11-be37-000d3a889d88;/oF5BSnU3cbgajgVdcxj5MJuwKPyqTLkIY2S/IWCgS+ioJ2b7vSGSgkUbC75f0IPol0ER4zAADpBXNsaVRMmaQ==;01/09/2025 08:00;299;Maple Bear São Roque;Operando;Potente;Joao Felipe Gutierrez de Freitas;42386857000131;Avenida Varangüera;Jardim Boa Vista;18132340;São Roque;SP;Sudeste;1194228580;OLIVRAF@HOTMAIL.COM
7ed07d10-fb95-ee11-be37-000d3a889d88;axwLaDwp8hP0zhrg+3tZ2DmyYJcYG9uNGSM9Szo8zMhuYzTOQaFciRRsJ72yGbLMloIOPOoeWr81JnzmdLGQPA==;01/09/2025 08:00;707;Maple Bear Petrolina - Vila Eduardo I;Operando;Potente;Joao Felipe Gutierrez de Freitas;46838536000181;Avenida da Integração Airton Sena;Vila Eduardo;56328010;Petrolina;PE;Nordeste;8791659981;PETROLINA@MAPLEBEAR.COM.BR
12d17d10-fb95-ee11-be37-000d3a889d88;C/ZD+P0aeib4oiu7DKsaAMY2c80IVBAjGM1MyvUHzWsmiugN2gkrNBAiRB77z5lcqHu+tRcf3QwyjSIQ8quM6A==;01/09/2025 08:00;673;Maple Bear Primavera Do Leste;Operando;Potente;Joao Felipe Gutierrez de Freitas;48969520000133;Avenida das Nações;PARQUE INDUSTRIAL;78850000;Primavera do Leste;MT;Centro-Oeste;6634983031;clara.manfio@primavera.maplebear.com.br
6d1a7616-fb95-ee11-be37-000d3a889d88;ff4Dovg9dSGSNNCchN+M0M5Njwdx/DWALN73GBUN7rd1e+ULWdj+0oiVCMtuEW7r8w4+SsXbMyzBAgX1J8bg0w==;01/09/2025 08:00;663;Maple Bear São José Dos Pinhais;Operando;Desenvolvimento;RAFHAEL NAZEAZENO PEREIRA;46812063000143;Rua Padre Bittencourt;Centro;83030490;São José dos Pinhais;PR;Sudeste;1391763752;A.LANDEIRO@TERRA.COM.BR
9c1b7616-fb95-ee11-be37-000d3a889d88;21x0kocGFFFrgcBQjvwE9/Ev8rAEGfP8krZJIqHoVP6BgASqCYy9B0I9FQxMZesqEYlo2+KDP14p9V0QrQNXTg==;01/09/2025 08:01;698;Maple Bear Guarapari - Muquiçaba;Operando;Desenvolvimento;TATIANE BARBOSA DOS SANTOS XAVIER;49738334000156;Avenida Governador Jones dos Santos Neves;Muquiçaba;29215002;Guarapari;ES;Sudeste;2730303566;GUARAPARI@MAPLEBEAR.COM.BR
3e1c7616-fb95-ee11-be37-000d3a889d88;c2O0rAI3lFpDGvXW3SyRwMy3AjvO50hX2BdOdOy5asyQl+d810+rFnu5pABWSnSwhw0IUuHFm2iEU3NAx2Zbug==;01/09/2025 08:01;295;Maple Bear Limeira - Bairro da Graminha;Operando;Alta Performance;INGRID VANIA MAZZEI DE OLIVEIRA;42106607000109;Via Guilherme Dibbern;Jardim Florença;13482217;Limeira;SP;Sudeste;1934464926;EMPRESAS@SIDCONTABIL.COM.BR
e11c7616-fb95-ee11-be37-000d3a889d88;h/6rz4imORhUGjUtYNT12rYSqiL944HBUZBBzvImhMutJu69EzmXxJijKpm/1DrAaFboms0owO8zBzBuGmEh6g==;01/09/2025 08:01;44;Maple Bear João Pessoa - Bessa I;Operando;Potente;Joao Felipe Gutierrez de Freitas;14341001000104;Rua Fernando Luiz Henriques Dos Santos;Bessa;58037051;João Pessoa;PB;Nordeste;8330432421;joaopessoa@maplebear.com.br
fe1c7616-fb95-ee11-be37-000d3a889d88;B+5q0/Z+qT/p9Y3aa5AxMcud6jA+teQwNiw0m/kLOzKjQmZB8ePbts8DXN9y9hduGjXMEbX90MaFTX01GASFkA==;30/06/2025 20:05;618;Maple Bear João Pessoa - Bessa II;Operando;Potente;Joao Felipe Gutierrez de Freitas;24948087000191;Rua Norberto De Castro Nogueira;Jardim Oceania;58037603;João Pessoa;PB;Nordeste;8332248910;joaopessoa@maplebear.com.br
1e1d7616-fb95-ee11-be37-000d3a889d88;gjWeVnO0otyF7bO2nk3w6pghK5DuLe6nWEDxnrsUyQUrPychqyOQRaB1qeyW/Y5EWhOp5PIvMnIHwJSbcjPcPA==;05/09/2025 13:59;716;Maple Bear Assis - Jardim Morumbi I;Operando;Alerta;INGRID VANIA MAZZEI DE OLIVEIRA;49342319000194;Rua Antonio Zimerman;Jardim Morumbi;19815560;Assis;SP;Sudeste;1833213290;M_CELIASANTOS@HOTMAIL.COM
571d7616-fb95-ee11-be37-000d3a889d88;7fH+j+TLMQbGyvxbxkUP6i9gnadV5MOY3IVTbC6AgjSAkbatdsk8fXT+EjIpZKnZ3djn3onDT7dfB5qb7hEfFw==;01/09/2025 08:01;272;Maple Bear Jaguariúna - Chácara Primavera I;Operando;Potente;Joao Felipe Gutierrez de Freitas;40408151000106;Praça Emílio Marconato;Chácara Primavera;13916140;Jaguariúna;SP;Sudeste;1938474444;TRADICAO@TRADICAONLINE.COM.BR
751d7616-fb95-ee11-be37-000d3a889d88;GYC7OU8JScnX6NABsje+xrc06JdVBp/VHqNyh3FADZhmBe0Wz9cxDr68fwVK+CR2WM2w6/ot0hkkQicQqxAkDg==;01/09/2025 08:01;6;Maple Bear Rio Branco - Aviário I;Operando;Alerta;INGRID VANIA MAZZEI DE OLIVEIRA;21497244000100;Rua Santa Inês;Aviário;69900878;Rio Branco;AC;Norte;6999613457;ANDRADEFABIO@OUTLOOK.COM
931d7616-fb95-ee11-be37-000d3a889d88;cThD72G6G2I0xztlbxI+WyHppSCiUmZj8BwbM9XbiFvzFjeGEfVcZOG8ibLGgWXhI5eYAuVjID8LTFDYWeRiGQ==;01/09/2025 08:01;821;Maple Bear São Paulo - Pacaembu II;Operando;Desenvolvimento;RAFHAEL NAZEAZENO PEREIRA;42893888000189;Rua Traipu;Pacaembu;01235000;São Paulo;SP;Sudeste;1150935543;ADM.PACAEMBU@MAPLEBEAR.COM.BR
961e7616-fb95-ee11-be37-000d3a889d88;W4SqBHDN5zClnJ+Lq7k1z2kP4oqdJKRBZwOf2Dgs5lfTFPnXwriL17Hwh2w/uw9mGHPJm/Dt+AYaL4yB6MPMbQ==;01/09/2025 08:01;748;Maple Bear Vitória - Bento Ferreira I;Operando;Desenvolvimento;TATIANE BARBOSA DOS SANTOS XAVIER;32815846000176;Avenida Carlos Moreira Lima;Bento Ferreira;29050653;Vitória;ES;Sudeste;2732072004;vitoria@maplebear.com.br
cf1e7616-fb95-ee11-be37-000d3a889d88;uZSS5w9J1E04fkfKqjYpMFG9SAt7Bn7OWbmtAxRMbSjNIzPwFAUdN082byDeKdjseORtmbi6492evpooJqLJRQ==;01/09/2025 08:02;733;Maple Bear Aracaju - Atalaia I;Operando;Implantação;TATIANE BARBOSA DOS SANTOS XAVIER;47880640000105;Praça Poeta Ascenso Ferreira;Atalaia;49036270;Aracaju;SE;Nordeste;7932137702;LAURO@IPIARAM.COM.BR
eb1e7616-fb95-ee11-be37-000d3a889d88;mgED8LiRjrkh9RjnLxZHQ2VmKZFa19E/NThk2wadDiL5ap5RNBJqntR8M4acGOll1ubH15J/u9MZyWtV64/V0g==;01/09/2025 08:02;28;Maple Bear Belo Horizonte - Santa Lúcia II;Operando;Desenvolvimento;RAFHAEL NAZEAZENO PEREIRA;09211234000152;Rua Doutor Armando Duarte;Santa Lucia;30360452;Belo Horizonte;MG;Sudeste;3132751111;FINANCEIRO@MAPLEBEARBH.COM.BR
071f7616-fb95-ee11-be37-000d3a889d88;vkFwbpe/rRJtYoadcxj59CnkYQFiMSSjjsAWgjy9thiWH1fwMCpi0bLWgcwoD1uwvgzWNDtz9xzWXaHJR/5RkA==;05/09/2025 14:01;639;Maple Bear Brasilia - Águas Claras  Sul I;Operando;Alerta;INGRID VANIA MAZZEI DE OLIVEIRA;46916502000168;Avenida Sibipiruna;Sul - Águas Claras;71928720;Brasília;DF;Centro-Oeste;6199987428;pamella.gomes@maplebear.com.br
231f7616-fb95-ee11-be37-000d3a889d88;LkaqZKmZQiQJ7i+Kj9WwvJOQVkNSqTmPuGfGUPgkeU8l484tLHT6hVBfwqi/fX3jg43e4vzz6dVQ4Y3LXT5vkg==;01/09/2025 08:02;290;Maple Bear Campinas - Hípica I;Operando;Desenvolvimento;TATIANE BARBOSA DOS SANTOS XAVIER;39566686000118;Rua Egberto Ferreira De Arruda Camargo;Parque Da Hípica;13092621;Campinas;SP;Sudeste;1932588392;contato.hipica@maplebear.com.br
5b676e1c-fb95-ee11-be37-000d3a889d88;ECl+mlZagXS+waUpn/bVPkjiydT/W0MIpqUFqZOVdZJdHez+jVSeBtYCyryf4EMDtFShWL/qDDQQP/ixa3sClw==;01/09/2025 08:02;87;Maple Bear Franca - Residencial Paraíso I;Operando;Alta Performance;INGRID VANIA MAZZEI DE OLIVEIRA;31648583000195;Rua Dos Pracinhas;Residencial Paraíso;14403160;Franca;SP;Sudeste;1637045000;ligia.menezes@maplebear.com.br
77676e1c-fb95-ee11-be37-000d3a889d88;lWehknEGYWgli4ewvlTjrileTdOs3tk8Y5wSDJdZxE2E5sNebU6rpVlLDRYsHzDvmzkvpiz1cZjceAEpowhZlA==;01/09/2025 08:02;91;Maple Bear Indaiatuba - Jardim Esplanada I;Operando;Alta Performance;INGRID VANIA MAZZEI DE OLIVEIRA;15253299000163;Rua Armando Zanotello;Jardim Esplanada Ii;13331606;Indaiatuba;SP;Sudeste;1938345753;indaiatuba@maplebear.com.br
93676e1c-fb95-ee11-be37-000d3a889d88;RbexEpizq8pJZtqNS7wACv4ZPzue+Aq2GPtgDMLXAPQIrkolgLTSuY0RVYbxvori/nf9BDAj4uLDn3LopOBsSA==;01/09/2025 08:02;757;Maple Bear João Pessoa - Altiplano I;Operando;Potente;Joao Felipe Gutierrez de Freitas;24948087000272;Rua Noberto de Castro Nogueira;Jardim Oceania;58037603;João Pessoa;PB;Nordeste;8330432421;PEPE.LUCIO@MAPLEBEAR.COM.BR
ae676e1c-fb95-ee11-be37-000d3a889d88;vRFC/iieJLECDOkNb9RIHyZP2VoNVjcV5K23NTbmwHaR4bafP8SPJnvw4IRgQa+Hke9Sr6/7hw/BTcT9AtjGRg==;05/09/2025 14:01;824;Maple Bear Manaus - Flores I;Operando;Alerta;INGRID VANIA MAZZEI DE OLIVEIRA;31356119000125;Avenida Professor Nilton Lins;Flores;69058030;Manaus;AM;Norte;9236432078;atendimentomaplebear@nitlonlins.br
e5676e1c-fb95-ee11-be37-000d3a889d88;T5bgeUAXpq2lQXg3vGWVa6QMLm7ybYkH8wtV/iiqb7+ExrvtZ6Px/WnY4U38P0zSQYqhP2IO/B2BFnsYflJk3w==;01/09/2025 08:02;775;Maple Bear Petrópolis - Itaipava I;Operando;Potente;Joao Felipe Gutierrez de Freitas;46496260000109;Estrada Jerônimo Ferreira Alves;Itaipava;25740040;Petrópolis;RJ;Sudeste;2422320024;CONTABILIDADE@AZULINCORPORACOES.COM.BR
00686e1c-fb95-ee11-be37-000d3a889d88;UcXpMfbTAXmxydwSqzLcBwJh8QHej0R878hAddod9P5SN3TgePirJjTf/2RnSTuf3OKS4r2Uls30FyOgkU7z8A==;01/09/2025 08:02;257;Maple Bear Santa Maria - Centro I;Operando;Potente;Joao Felipe Gutierrez de Freitas;35067572000172;Rodovia Br-158;Dom Antônio Reis;97065153;Santa Maria;RS;Sul;5591767948;santamaria@maplebear.com.br
1c686e1c-fb95-ee11-be37-000d3a889d88;qtZ6my+Z3MZczfandLIHCWJjeHe4F6j2h02K/XBtqwZUFWdSgeUC8TVV53XICchaV20HQy+YAM9v0DXWYgeDTg==;10/07/2025 19:35;285;Maple Bear São Paulo - Alto De Pinheiros II;Operando;Alerta;INGRID VANIA MAZZEI DE OLIVEIRA;12460233000237;Avenida Imperatriz Leopoldina;Vila Leopoldina;05305007;São Paulo;SP;Sudeste;1130218664;altodepinheiros@maplebear.com.br
38686e1c-fb95-ee11-be37-000d3a889d88;3zA943Z5L4vAKvk6EMwn77fXzjGdmdNmznL3K6fQ+CXd5u+a2euTWu70YeBw6g4g/34UpOzkpl7wi5a7Yi1zEg==;08/09/2025 17:16;291;Maple Bear São Paulo - Freguesia Do Ó I;Operando;Potente;Joao Felipe Gutierrez de Freitas;42549330000180;Rua Manuel de Arzão;Vila Albertina;02730030;São Paulo;SP;Sudeste;1199437033;MAPLEFREGUESIAOWNER@GMAIL.COM
53686e1c-fb95-ee11-be37-000d3a889d88;cx98y9uzHCNGWT8y96JpDNOb2vdAY1tE50VzRLCDxQ95QQki/sNL359s9DKzVZq7489OBhw5USncGzwpcRhY0w==;16/09/2025 19:36;138;Maple Bear Sertãozinho - Centro I;Operando;Potente;Joao Felipe Gutierrez de Freitas;34198956000161;Rua Antonio Bianconi;Centro;14160810;Sertãozinho;SP;Sudeste;1639458220;sertaozinho@maplebear.com.br
6f686e1c-fb95-ee11-be37-000d3a889d88;yrKjKU2aQZvGOhJ+WRmtt0PaZXlASQqmmaxuVXLGqRUtft5ksby4eQ3XX1UPXZCZuHlaFU8LupmUQP5UOH/0aw==;01/09/2025 08:03;76;Maple Bear Aracaju - Treze De Julho I;Operando;Desenvolvimento;TATIANE BARBOSA DOS SANTOS XAVIER;11105217000182;R ALVARO BRITO;Treze De Julho;49020400;Aracaju;SE;Nordeste;7932137523;aracaju@maplebear.com.br
c2686e1c-fb95-ee11-be37-000d3a889d88;8v1XbbALySWDWHcG1Z9KN3jIM4IsvMPVYVmzaRyP5oDXVEoFYT7l4CBhx6dfLsqBd7cIwuOwGJz7sAJkBz4nIA==;01/09/2025 08:03;29;Maple Bear Contagem - Três Barras I;Operando;Potente;Joao Felipe Gutierrez de Freitas;33908214000110;Rua Natal Verones;Três Barras;32041090;Contagem;MG;Sudeste;3198569766;contagem@maplebear.com.br
de686e1c-fb95-ee11-be37-000d3a889d88;MtsIKlijknPaNJ2NSEksX3PgGTPaB6/WjRQZA5bw8H/12FsqfWOn7YOqTDT/A2nsJUfgKIN6da8fP50ujfdSLQ==;01/09/2025 08:03;151;Maple Bear Imperatriz - Três Poderes I;Operando;Potente;Joao Felipe Gutierrez de Freitas;12308379000180;Rua Dom Cesário;Três Poderes;65903083;Imperatriz;MA;Nordeste;9935824647;miriam.ribeiro@maplebear.com.br
fb686e1c-fb95-ee11-be37-000d3a889d88;vijZc6PtJp+/Um/lSdUfjXQswqT7sYShEM9tSP16uCxc1vVyzlBq70sY8cAUVJmgJVnSWbDeNjBvjtmuY7fMrQ==;12/09/2025 19:16;71;Maple Bear Porto Alegre - Iguatemi;Operando;Desenvolvimento;RAFHAEL NAZEAZENO PEREIRA;15458345000160;Rua Doutor João Simplício Alves de Carvalho;Vila Ipiranga;91360260;Porto Alegre;RS;Sul;5132246687;admfin.portoalegre@maplebear.com.br
17696e1c-fb95-ee11-be37-000d3a889d88;I0ZiZWJRlJtecL2epSw641qxvDEWUuAnHREUIU6pJS1qVUgOEkLGc6WvA+8mwJlj88ypy12RXM2t03rq/lERIw==;02/09/2025 11:40;56;Maple Bear Rio De Janeiro - Barra Da Tijuca I;Operando;Potente;Joao Felipe Gutierrez de Freitas;12975982000116;Rua Martinho De Mesquita;Barra Da Tijuca;22620220;Rio De Janeiro;RJ;Sudeste;2134866466;barradatijuca@maplebear.com.br
33696e1c-fb95-ee11-be37-000d3a889d88;7ZT50sr2DVSzrmyOPAQrP671QpsOTcc7nJSc2RlYeinDmsAGYx9AgncpaQ+9cN5NXTtFr+uUDamr6zOkYUFAfg==;01/09/2025 08:03;255;Maple Bear Rio De Janeiro - Gávea I;Operando;Potente;Joao Felipe Gutierrez de Freitas;36671129000179;Rua Major Rúbens Vaz;Gávea;22470070;Rio De Janeiro;RJ;Sudeste;2135077493;secretaria.gavea@maplebear.com.br
51696e1c-fb95-ee11-be37-000d3a889d88;9JVfOdfdBRsyI336Cn4f5lZ7YY0Fi0pAoj/pUetLLc46rwaswTbJPb/ztu40MRlEtwe9evdNgUdgMFwS63Y+vg==;17/09/2025 09:21;60;Maple Bear Rio De Janeiro - Ilha Do Governador I;Operando;Potente;Joao Felipe Gutierrez de Freitas;22061254000152;Rua Orestes Barbosa;Jardim Guanabara;21940375;Rio De Janeiro;RJ;Sudeste;2138273737;ilha@maplebear.com,br
6f696e1c-fb95-ee11-be37-000d3a889d88;5HGOk5km8Ls6vR8lITEITjRNIxlTfYWT9MHqBvO7Xt7UmfMVV6yGuId54QWpp9ZG0M/KheLlW1ar97gdst6+uw==;01/09/2025 08:03;63;Maple Bear Rio De Janeiro - Vila Valqueire I;Operando;Alerta;INGRID VANIA MAZZEI DE OLIVEIRA;33486589000139;Avenida Jambeiro;Vila Valqueire;21330300;Rio De Janeiro;RJ;Sudeste;2130423966;valqueire@maplebear.com.br
8b696e1c-fb95-ee11-be37-000d3a889d88;tBgnIdmvw2eU2Afe85xRhET0MInXBi8ZIAjn2p53qaN12TT3xNqAl4RdpYoWJmkYWnUvZcCIFe7y6ARYWBYJCw==;01/09/2025 08:03;108;Maple Bear Santo André - Campestre I;Operando;Desenvolvimento;RAFHAEL NAZEAZENO PEREIRA;17405513000185;Rua Jaguará;Campestre;09070590;Santo André;SP;Sudeste;1144216446;santoandre@maplebear.com.br
a7696e1c-fb95-ee11-be37-000d3a889d88;jEu0GpNTAyAYTaZ27oj2j5YW06aBkZKsAkWIbjmuvvyTrYM46PJwv1KIvTA/bw5Lqc+WfZ/oUNS4HMDqO2GiKQ==;01/09/2025 08:04;651;Maple Bear São Carlos I;Operando;Desenvolvimento;RAFHAEL NAZEAZENO PEREIRA;46365692000172;Avenida Brasilino Damha;Condomínio Village São Carlos Iv;13565440;São Carlos;SP;Sudeste;1138331400;alexandre.acaldighieri@maplebear.com.br
c3696e1c-fb95-ee11-be37-000d3a889d88;CLflf96AIgS4gsFj4R1R603zTBBTUEw+xHxqQ+u/BS10M9MYYRtzPDuQJD6WuIHOJljoZwC2cxv603AJZ/SdDg==;01/09/2025 08:04;122;Maple Bear São Paulo - Jardins I ;Operando;Desenvolvimento;RAFHAEL NAZEAZENO PEREIRA;36195301000165;Rua Doutor Fláquer;Paraíso;04006010;São Paulo;SP;Sudeste;1146373232;jardins@maplebear.com.br
fc696e1c-fb95-ee11-be37-000d3a889d88;tGJbqt50XsjMDje+IImdCwdAjSMP6Xq/vxhLmnuplvgxjE3uZ6Ex6l5w2hb+Cd7POQUF/VsHUcQ8BmGDljzPNw==;01/09/2025 08:04;65;Maple Bear Teresópolis - Bom Retiro I;Operando;Desenvolvimento;RAFHAEL NAZEAZENO PEREIRA;33524776000160;Rua Tenente Luiz Meirelles;Bom Retiro;25954000;Teresópolis;RJ;Sudeste;2127424000;teresopolis@maplebear.com.br
186a6e1c-fb95-ee11-be37-000d3a889d88;4UpVQWB51bwSj21IxGy75+1wvZNsQh7KSgnHALBVvr9e2I7lPj6TApoXuByHati2U/jJb9j0EarD4kC8kcbdDA==;01/09/2025 08:04;144;Maple Bear Vinhedo - Bosque I;Operando;Potente;Joao Felipe Gutierrez de Freitas;26273070000107;Alameda Itatinga;Joapiranga;13278480;Valinhos;SP;Sudeste;1938692566;contato@maplebearvinhedo.com.br
346a6e1c-fb95-ee11-be37-000d3a889d88;vSMjrYPegPwHkULRh5hCBFBWjzwEXOUfhPLNbt3atTH0K5H4TPl3HGHQk97qLnhg5F804Ck/tgYBATumRgswXw==;01/09/2025 08:04;82;Maple Bear Bauru - Vila Aviação I;Operando;Desenvolvimento;RAFHAEL NAZEAZENO PEREIRA;26346959000177;Rua Severino Lins;Vila Aviação;17018600;Bauru;SP;Sudeste;1491237635;bauru@maplebear.com.br
526a6e1c-fb95-ee11-be37-000d3a889d88;oC67eqkvFkVqNQyRlohJmOcAt3tqVSwbz6Xl47IryEp8qa1wiZctzqB+Dt3XTft+4D3r4MIFC0nAcYGr99lvyQ==;01/09/2025 08:04;70;Maple Bear Boa Vista - Caçari I;Operando;Desenvolvimento;TATIANE BARBOSA DOS SANTOS XAVIER;29665547000198;Avenida Ville Roy;0;69307725;Boa Vista;RR;Norte;9581045727;boavista@maplebear.com.br
6e6a6e1c-fb95-ee11-be37-000d3a889d88;xzYU/iXMNDT0VAv/Zc9RKQRfkql6w6eXbidZLpLHSwIog2F3mnrOYrFQvtJS1OWQSvMrEQ+bQfl3WsFved8IBQ==;01/09/2025 08:04;265;Maple Bear Feira De Santana - Subaé I;Operando;Alerta;INGRID VANIA MAZZEI DE OLIVEIRA;29247834000188;Avenida Deputado Luís Eduardo Magalhães;Subaé;44079002;Feira De Santana;BA;Nordeste;7521029101;anna.ribeiro@maplebear.com.br
8a6a6e1c-fb95-ee11-be37-000d3a889d88;DwXmOLehMas2bFQ+RMUmu2Oz8V1i8CNrrcmbZ0vZevgafe/KbIXjdK/B+/PCFfw+X3WByeYiaVf4ls/xRcmgMw==;01/09/2025 08:04;31;Maple Bear Itabira - Quatorze De Fevereiro I;Operando;Potente;Joao Felipe Gutierrez de Freitas;33660237000158;Rua Juca Machado;Quatorze De Fevereiro;35900239;Itabira;MG;Sudeste;3198778282;itabira@maplebear.com.br
ab6a6e1c-fb95-ee11-be37-000d3a889d88;AKlU6UEQuc9o8eGeKJb6hb+AynMu8POBHKpxoZBF/SJeCn7NZFYPVtw3uGdDTkTyRTOlWtgCb6rStX6u0+B/6w==;05/09/2025 14:01;259;Maple Bear Itatiaia - Penedo;Operando;Alerta;INGRID VANIA MAZZEI DE OLIVEIRA;38057946000167;Avenida Ataulfo de Paiva;Leblon;22440032;Rio de Janeiro;RJ;Sudeste;2492588648;penedo@maplebear.com.br
c76a6e1c-fb95-ee11-be37-000d3a889d88;ozHCA3j+zDkdoo7Cx2F54P17Gy9HPQq08nUNBY4XuHq1W48W+jz/OqaOhTpDiek84+xTK/ISQZKi5dh13caCeg==;01/09/2025 08:04;694;Maple Bear Jaraguá Do Sul - Vila Baependi I;Operando;Potente;Joao Felipe Gutierrez de Freitas;49763812000188;Rua Professora Adélia Fischer;Vila Baependi;89256400;Jaraguá Do Sul;SC;Sul;4796160115;BARBARALC@JGS.MAPLEBEAR.COM.BR
e26a6e1c-fb95-ee11-be37-000d3a889d88;1ntgjYFEolW1iX4HoPg1wITdonPTqyu4ckGoNilzI43SY1HBdJxCn/7KSiknYbKsnApLi0/sWy1jlhIRgBXTIw==;01/09/2025 08:04;49;Maple Bear Londrina - Nikko I;Operando;Desenvolvimento;TATIANE BARBOSA DOS SANTOS XAVIER;16509363000197;Rua Doutor Carlos Da Costa Branco;Jardim Nikko;86047070;Londrina;PR;Sul;4333266726;londrina@maplebear.com.br
fe6a6e1c-fb95-ee11-be37-000d3a889d88;1zDU1osaK+1P/serYSageSp7HNVYno2DKxwxodRQmWY2A+kFeY/BkAtIdLD2LJahYiq7g0HoiF8J69HOq80ufw==;15/09/2025 14:46;279;Maple Bear Macaé - Vale Encantado II;Operando;Desenvolvimento;RAFHAEL NAZEAZENO PEREIRA;26363042000180;Rua José Vicente Soriano De Oliveira;Vale Encantado;27933372;Macaé;RJ;Sudeste;2227735067;macae@maplebear.com.br
1a6b6e1c-fb95-ee11-be37-000d3a889d88;/nGsoiTE8+V4UQz4DG2IPZuNauhd8dDhhZ0Mf8HmzXTyrAK89c+3stIfzDVlyHFyP+vcqGC7w85UCSeZ5hc2ww==;01/09/2025 08:05;112;Maple Bear São José Do Rio Preto - Jardim Francisco Fernandes I;Operando;Desenvolvimento;TATIANE BARBOSA DOS SANTOS XAVIER;13103655000137;Avenida Presidente Juscelino Kubitschek de Oliveira;Jardim Moysés Miguel Haddad;15093215;São José do Rio Preto;SP;Sudeste;1732338892;golfe@maplebear.com.br
376b6e1c-fb95-ee11-be37-000d3a889d88;BS0SmOY4zu6d+9HojLc7v9abODYT71/1Bh9bBqI0PSDcwUSN9uf8mAI1Rm+EMPFXpXr4ej7SSv4yOAqVrOAcnQ==;12/09/2025 18:43;289;Maple Bear São Paulo - Tatuapé I;Operando;Desenvolvimento;RAFHAEL NAZEAZENO PEREIRA;60597044003279;Rua Professor Pedreira de Freitas;Tatuapé;03312052;São Paulo;SP;Sudeste;1138732911;ADRIANO.ARRUDA@LIGASOLIDARIA.ORG.BR
536b6e1c-fb95-ee11-be37-000d3a889d88;m5UXHw/vmXcbOQPmtfcifOKl/Nz+gKR5fA+xBl5vjxdg+rLDaowv2kAHOxPh9WiLZx1IbTeW2J9E6f8kF3T8eA==;01/09/2025 08:05;133;Maple Bear São Paulo - Vila Madalena I;Operando;Alerta;INGRID VANIA MAZZEI DE OLIVEIRA;31591122000123;Rua Purpurina;Sumarezinho;05435030;São Paulo;SP;Sudeste;1196182508;secretaria.vilamadalena@maplebear.com.br
706b6e1c-fb95-ee11-be37-000d3a889d88;JPbBX8YNs3NLuP04Hja87Xdwtu3Rd2gp57zHtapm+RFZgT8iaB1qEkbqqdWcuP6fOjfC3zog8jQNv/5ukDR2BQ==;15/08/2025 16:24;301;Maple Bear Sorocaba - Boa Vista II;Operando;Potente;Joao Felipe Gutierrez de Freitas;28038526000180;Rua Sérgio Lamarca;Jardim São Carlos;18046370;Sorocaba;SP;Sudeste;1532433926;sorocaba@maplebear.com.br
8f6b6e1c-fb95-ee11-be37-000d3a889d88;JeeaEUBbR3EN6b9m9DY/7AZLk/DMtXOYn5U1W+cifXt6Qc2FOwyeURoPfvVyzSib3Vtauja3hqiAqSvYcqM/gQ==;01/09/2025 08:05;37;Maple Bear Uberlândia - Vigilato Pereira I;Operando;Alerta;INGRID VANIA MAZZEI DE OLIVEIRA;18188400000138;Rua Antônio Corrêa Júnior;Vigilato Pereira;38408442;Uberlândia;MG;Sudeste;3432230655;uberlandia@maplebear.com.br
ae6b6e1c-fb95-ee11-be37-000d3a889d88;sdov5Vk3sdxE2uAw/R3DaXtYOHxQ3NGKsu585e7forclv1rKY7TKk5wZHAdU81yPQNpYLvqMjCnnS8lwls3swA==;01/09/2025 08:05;147;Maple Bear Araras - Jardim Piratininga I;Operando;Desenvolvimento;TATIANE BARBOSA DOS SANTOS XAVIER;35662321000136;Avenida Maria Aparecida Muniz Michielin;Jardim Piratininga;13604085;Araras;SP;Sudeste;1935242505;araras@maplebear.com.br
ca6b6e1c-fb95-ee11-be37-000d3a889d88;DEkqQoP4QABktpXvp262P2WUghYDa4GdSdzXbLkJ/1KXH6pZK16/W4gRK0YuLF4iRjFaaaWJscBQ49mRqu20xw==;01/09/2025 08:05;38;Maple Bear Campo Grande - Jardim São Bento I;Operando;Potente;Joao Felipe Gutierrez de Freitas;23649938000132;Avenida Rodolfo José Pinho;Jardim São Bento;79004690;Campo Grande;MS;Centro-Oeste;6730142939;campogrande@maplebear.com.br
026c6e1c-fb95-ee11-be37-000d3a889d88;dMgWzN8ZXa8chl+MSXs2GrLAqhglv4NGkyBO8CYdGefcyk9SFueHATvHDdsFNvieS2If+a8l8GNMpzsz/NWzZg==;01/09/2025 08:05;24;Maple Bear Goiânia - Marista I;Operando;Alta Performance;INGRID VANIA MAZZEI DE OLIVEIRA;11436205000211;Rua 1130;Setor Marista;74180090;Goiânia;GO;Centro-Oeste;6232854560;goiania@maplebear.com.br
14b46622-fb95-ee11-be37-000d3a889d88;/QntZNCIhA7zmqoXth1j0OOFrnmQidHFa7shdCjb5PFlJxr0Iku85hcF9/cUcNnFCx+v/J90m6ETkG7G4GkhsA==;01/09/2025 08:05;120;Maple Bear Granja Viana - Cotia Jardim Lambreta I;Operando;Desenvolvimento;RAFHAEL NAZEAZENO PEREIRA;13394749000102;Rua Monte Castelo;Jardim Lambreta;06710675;Cotia;SP;Sudeste;1147027295;ADMINISTRACAO.GRANJAVIANA@MAPLEBEAR.COM.BR
30b46622-fb95-ee11-be37-000d3a889d88;xVYIhPqDrIvMsFl/fjLkoAmdkcDllY/DXREWIVwcVja1/13W2iFTIV2sBnZBM9E6uZ9jlR2xPemJO18ijMUWPg==;01/09/2025 08:05;92;Maple Bear Itatiba - Residencial Fazenda Rosa I;Operando;Desenvolvimento;TATIANE BARBOSA DOS SANTOS XAVIER;33667526000189;Avenida Carmelo Scarparo;Residencial Fazenda Santa Rosa;13255472;Itatiba;SP;Sudeste;1145244197;contato.itatiba@maplebear.com.br
4cb46622-fb95-ee11-be37-000d3a889d88;WglV+MXkls1Lr2Sogs/i6ASutSpQI58oF1gm56zYzXcxBrqqbjqltSBFTqOXDvxULdD7WCV54J49jmRz3ES5Cg==;01/09/2025 08:05;615;Maple Bear Ji-Paraná - Centro I;Operando;Alta Performance;INGRID VANIA MAZZEI DE OLIVEIRA;46652021000192;Avenida Marechal Rondon;Centro;76900057;Ji-Paraná;RO;Norte;6932161515;PORTOVELHO@MAPLEBEAR.COM.BR
67b46622-fb95-ee11-be37-000d3a889d88;C8A/KuzMF0dZdmVqSb2erOYPZml9rVa+uCsG+QSkUpVI5yP1j5SxxhwyN5DOe2Y9UWPIbFGEVAolVPC0dv6qYQ==;01/09/2025 08:05;94;Maple Bear Jundiaí - Jardim Santa Teresa I;Operando;Desenvolvimento;TATIANE BARBOSA DOS SANTOS XAVIER;04647728000160;Rua Comendador Gumercindo Barranqueiros;Moisés;13211410;Jundiaí;SP;Sudeste;;jundiai@maplebear.com.br
85b46622-fb95-ee11-be37-000d3a889d88;m6aDFMgTrMeklUXS6R5rQAWYUqMeCiBOgtyH2YcCqxiP6KElr7qn6W00fmwxuaw8BfaJeu5xwSR1QkjjDywAOg==;12/09/2025 15:37;33;Maple Bear Montes Claros - Ibituruna I;Operando;Desenvolvimento;RAFHAEL NAZEAZENO PEREIRA;28798210000196;Rua Florianpolis;Ibituruna;39401384;Montes Claros;MG;Sudeste;3832146711;montesclaros@maplebear.com.br
c3b46622-fb95-ee11-be37-000d3a889d88;+2vnUQWOdE++tt+s/B3E0nkyvfdOwop2RRcQrBuOdsjLZWhezzNfvnCriNR61ra1Cg9BrT9QAHE7NRmbmSekjA==;01/09/2025 08:05;52;Maple Bear Ponta Grossa - Estrela I;Operando;Alerta;INGRID VANIA MAZZEI DE OLIVEIRA;36986394000146;Rua Balduíno Taques;Estrela;84040000;Ponta Grossa;PR;Sul;4230280040;pontagrossa@maplebear.com.br
dfb46622-fb95-ee11-be37-000d3a889d88;Nk2MxEZjIxGfX3OU4DcZkP5/nYgWO6o4FYMl0M10ISEk9ocBBE3ALqEt5Dw//DL2b7x5eYvFy7b+CJxdLj44vA==;01/09/2025 08:06;57;Maple Bear Rio De Janeiro - Botafogo I;Operando;Desenvolvimento;RAFHAEL NAZEAZENO PEREIRA;26480901000111;Rua Bambina;Botafogo;22251050;Rio de Janeiro;RJ;Sudeste;2131950168;secretaria@maplebearbotafogo.com.br
fbb46622-fb95-ee11-be37-000d3a889d88;VHziaMg1/qq3J83XFBVvD5H9ONtnMvHF9r612zH7nWd9EH67WvxRMfeagy4ubML7MQ7oaVeRjaTvsMD2IQbtmQ==;17/09/2025 15:24;284;Maple Bear São Luis - Jardim Renascença II;Operando;Alta Performance;INGRID VANIA MAZZEI DE OLIVEIRA;10463233000265;Avenida Do Vale;Jardim Renascença;65075660;São Luis;MA;Nordeste;9821095000;saoluis@maplebear.com.br
17b56622-fb95-ee11-be37-000d3a889d88;w7NE5LcA6DjzUrqz4wEWEbSw0dVqKFQxubRut3B5sSD9FctQR1ZpYQzl3GTkgLS/k2Hgi3Wg0bQdcsa0lvDtLw==;10/07/2025 19:35;124;Maple Bear São Paulo - Mooca II;Operando;Alerta;INGRID VANIA MAZZEI DE OLIVEIRA;23146850000106;Rua Canuto Saraiva;Mooca;03113010;São Paulo;SP;Sudeste;1196182575;mooca.unidade2@maplebear.com.br
34b56622-fb95-ee11-be37-000d3a889d88;tRtXRADZXOfyKC2VHYZAHg6G5G9PCiAJu6WbvmvnUNMcS8IhYn6JyBqd93JyCum6/r8D7N2aNpclNHAN5e04fA==;05/09/2025 14:02;157;Maple Bear Valparaíso De Goiás - Parque São Bernardo I;Operando;Alerta;INGRID VANIA MAZZEI DE OLIVEIRA;36633333000103;Rua da BR-040;Parque São Bernardo;72870424;Valparaíso de Goiás;GO;Centro-Oeste;6183352962;FINANCEIROM.MB@MAPLEBEAR.COM.BR
51b56622-fb95-ee11-be37-000d3a889d88;XtxwX0VF7lgoOZR2GbwFdRR0pwBQaljcOqfryeCVO9UMCA4AQhitHGUD6uchf6lVSXO2g3uDyrM5MHKfxZ8CFw==;01/09/2025 08:06;148;Maple Bear Barreiras - Parque Da Cidade I;Operando;Desenvolvimento;TATIANE BARBOSA DOS SANTOS XAVIER;35445797000115;Avenida Transversal B;Bela Vista;47811090;Barreiras;BA;Nordeste;;barreiras@maplebear.com.br
75b56622-fb95-ee11-be37-000d3a889d88;6SJYvlgcYZ1Jr9sRpa/5Ik91tJMIJZD1tC8+zlGAFRxQMupRBT1X7rQz9vZ5unkXqIX+/Gk00LlSQOMdQpdi4w==;01/09/2025 08:06;164;Maple Bear Chapecó - Centro I;Operando;Desenvolvimento;TATIANE BARBOSA DOS SANTOS XAVIER;37108389000101;Rua Marechal Floriano Peixoto - O;Jardim Itália;89802075;Chapecó;SC;Sul;4933237100;karina.dini@mablebear.com.br
97b56622-fb95-ee11-be37-000d3a889d88;ar2EXEfRUArwGq751YktyMp60d3dtQ79BTuDxbqh/4PsTGsr1q/JujHH9/1oX+5+OkE9rKOWuCsA9YT8gNXqZQ==;01/09/2025 08:06;90;Maple Bear Guarulhos - Centro;Operando;Desenvolvimento;RAFHAEL NAZEAZENO PEREIRA;20879922000128;Rua Vitorina Esperança;Vila Zanardi;07020110;Guarulhos;SP;Sudeste;1145741114;escola@mbguarulhos.com.br
b4b56622-fb95-ee11-be37-000d3a889d88;OXBnhqtNYzYQf4gvJ/Tpncz8thd8M4E4fwkJ336WO14s4hXremfPnyKxquZDFmToc1TlfXnW8xzVMplFdTCHmg==;01/09/2025 08:06;309;Maple Bear Ipatinga - Cidade Nobre;Operando;Implantação;TATIANE BARBOSA DOS SANTOS XAVIER;45202925000153;Rua Tomaz Edison;Cidade Jardim;35162414;Ipatinga;MG;Sudeste;3138311515;IPATINGA@MAPLEBEAR.COM.BR
d5b56622-fb95-ee11-be37-000d3a889d88;AE/lUWqbrhLMk/KiwYdgxWfodpAObPDcIJw+I5YO7x1PfpdnEzmWGZHE7ZVDtleTdWui7CB4uQyOORDa2R0QmQ==;01/09/2025 08:06;305;Maple Bear Jacareí - Jardim Paraíba I;Operando;Alerta;INGRID VANIA MAZZEI DE OLIVEIRA;15179600000136;Avenida Edouard Six;Jardim Paraíba;12327673;Jacareí;SP;Sudeste;1230215228;CONCEITOCONTABIL2013@HOTMAIL.COM
f4b56622-fb95-ee11-be37-000d3a889d88;9UQrqF/thmJ1smIfq32zeKc8rzcneqHfS7YYu5qT/3Qdzpe7VedHsI+TJokzoTQHJOxdMpLlc4U3ABYaw8aZ8w==;01/09/2025 08:06;152;Maple Bear Mauá - Bocaina I;Operando;Desenvolvimento;TATIANE BARBOSA DOS SANTOS XAVIER;36208092000147;Rua PRINCESA ISABEL;Vila Bocaina;09310010;Mauá;SP;Sudeste;1145476699;atendimento.maua@maplebear.com.br
10b66622-fb95-ee11-be37-000d3a889d88;mYgjc26/b720ZS1XrDuwPcw2Fk/YIaUsAqdp0uZxD+nIQBP58R5supFVZxJzYcoJMZeQpiXKVSQ17nYAC6+iPg==;01/09/2025 08:06;297;Maple Bear Osasco;Operando;Desenvolvimento;RAFHAEL NAZEAZENO PEREIRA;42260242000164;Rua Vitório Tafarello;km 18;06192150;Osasco;SP;Sudeste;1197590100;OSASCO@MAPLEBEAR.COM.BR
47b66622-fb95-ee11-be37-000d3a889d88;BlpHeFP4gbVY+7AO6fv+vs2AksyphNlpR+Qwlrg/uGpgWKqtEtwI2taSv789Cpomcb7anXfu7K0MigWRrGNbsQ==;10/09/2025 17:52;205;Maple Bear Rio De Janeiro - Tijuca I;Operando;Alerta;INGRID VANIA MAZZEI DE OLIVEIRA;31262190000149;Rua Afonso Pena;Tijuca;20270244;Rio de Janeiro;RJ;Sudeste;2122234590;tijuca@maplebear.com.br
63b66622-fb95-ee11-be37-000d3a889d88;O8SE7e81rQlDvAreAzP9MDX1lSdDlWDzOjcIdGmG5MoQQIxPWg237VcJi6ruOg4x+M1z9LCCX45ahYr6lRCe7Q==;01/09/2025 08:06;25;Maple Bear Rio Verde - Setor Central I;Operando;Desenvolvimento;RAFHAEL NAZEAZENO PEREIRA;19928970000180;Rua Antônio Ferreira Dos Santos;Residencial Campos Eliseos;75912470;Rio Verde;GO;Centro-Oeste;6493138911;rioverde@maplebear.com.br
82b66622-fb95-ee11-be37-000d3a889d88;slsptAOxWfV/6dWRQO0v4b4z46bh9MN+tof7oYpSSewcW71pZR4BPx7coieIORIwUA7a5UtrEdCi8TaNPnJH0Q==;01/09/2025 08:06;660;Maple Bear São Paulo - Belenzinho I;Operando;Alerta;INGRID VANIA MAZZEI DE OLIVEIRA;43555624000188;Rua Doutor Clementino;Belenzinho;03059030;São Paulo;SP;Sudeste;1196182575;PTK_FERNANDES@HOTMAIL.COM
ccb66622-fb95-ee11-be37-000d3a889d88;P5jPMhyvtikebqfHosqB7Sv347tfO1b5hX5SQG0WoR7V83fWXKmwvzsX6Ooqm8H4AnnmHSytrsQolTmg/dehuA==;01/09/2025 08:06;137;Maple Bear São Paulo - Panamby I;Operando;Desenvolvimento;RAFHAEL NAZEAZENO PEREIRA;31374883000123;Rua Delegado Moraes Novaes;Vila Andrade;05718310;São Paulo;SP;Sudeste;1137427534;panamby@maplebear.com.br
f1b66622-fb95-ee11-be37-000d3a889d88;MWjCIMupOIaCpzXVvLG0hxh5h2z1WhwvWZAdyqolx0afwNBYEUnMT4A7xFVHV9fIuhyJztyaKYKwfX+nBxYOcQ==;01/09/2025 08:07;132;Maple Bear São Paulo - São Miguel Paulista I;Operando;Alerta;INGRID VANIA MAZZEI DE OLIVEIRA;26924596000100;Rua Guchi Toda;Vila Jacuí;08060160;São Paulo;SP;Sudeste;1123697885;nalva@maplebear.com.br
20b76622-fb95-ee11-be37-000d3a889d88;53FnwNvy2HUANs8RPBxqCQyRCqkQyLoH6I80nWwJc6C7rAWbP5AIwCjr3ngD6yaMphS//M2GGcUewqzGNVMtZA==;01/09/2025 08:07;40;Maple Bear Sinop - Recanto Suíço I;Operando;Alta Performance;INGRID VANIA MAZZEI DE OLIVEIRA;32347922000166;Rua Oslo;Residencial Canto Suiço;78555627;Sinop;MT;Centro-Oeste;6696073820;dani.bavaresco@maplebear.com.br
44b76622-fb95-ee11-be37-000d3a889d88;4+d8Xtwz6tQn5ugK94tb7drQUIOglR5QWlutkQgu+sKNcqe5K8yj0aPWIsW+AVvKlxh56ZTQl/+U0tvsk/iURg==;01/09/2025 08:07;300;Maple Bear Aracaju - Treze De Julho II;Operando;Desenvolvimento;TATIANE BARBOSA DOS SANTOS XAVIER;41820477000109;Rua José Ramos da Silva;Treze de Julho;49020200;Aracaju;SE;Nordeste;7999653495;aracaju@maplebear.com.br
64b76622-fb95-ee11-be37-000d3a889d88;Oct+0sQE9Ai7weShMmyaZPpk6oYkJ5JqdrTyM3LD31kVuwNLc6THldwfUx+WGc728u/cLtpFp4SApaNOSF0/8w==;05/09/2025 12:27;73;Maple Bear Balneário Camboriú - Centro I;Operando;Alerta;INGRID VANIA MAZZEI DE OLIVEIRA;28184116000147;Rua Arqueduto;Dos Estados;88339090;Balneário Camboriú;SC;Sul;4791318886;camboriu@maplebear.com.br
80b76622-fb95-ee11-be37-000d3a889d88;8DFYADYLtkapyVzQNiY3oJafV6yKEBXuW5iI9VbfR1biSQsjpx0yXoZnlwCBlv/of/vfZpBC4anHsfZIR5/4XQ==;01/09/2025 08:07;83;Maple Bear Botucatu - Vila Nogueira I;Operando;Desenvolvimento;TATIANE BARBOSA DOS SANTOS XAVIER;31653761000176;Rua Doutor Costa Leite;Vila Nogueira;18606820;Botucatu;SP;Sudeste;1438151120;botucatu@maplebear.com.br
9cb76622-fb95-ee11-be37-000d3a889d88;KFEZaTkZOXrNLe3qw8uwZNCmNn7gYUYc7W/qd0Ee+RVVlA6tiYL0p94guj2SMO91Pwo7BQ7GyuITpTjr/gZ9jQ==;01/09/2025 08:07;86;Maple Bear Catanduva - Centro II;Operando;Potente;Joao Felipe Gutierrez de Freitas;26055747000130;Rua Cuiabá;Centro;15800220;Catanduva;SP;Sudeste;1735247219;catanduva@maplebear.com.br
b9b76622-fb95-ee11-be37-000d3a889d88;Tk8mwI6mIdRX+uwnAXC7lgRCUbDXPTwoaPOu2MoVFFKoYAHUXdffeXmC9lMlhIPMpsRotx5Q/33PtTSP9fHEnQ==;01/09/2025 08:07;75;Maple Bear Joinville - Atiradores I;Operando;Desenvolvimento;TATIANE BARBOSA DOS SANTOS XAVIER;30601722000162;Rua Visconde De Taunay;Atiradores;89203062;Joinville;SC;Sul;4738043806;joinville@maplebear.com.br
f1b76622-fb95-ee11-be37-000d3a889d88;2ev1BxpIw0FWuVidfrZireyqThj2GZDAJsh7iW3DljG9fEFktRq8UEVEbmPfDJWmDSZHK3malYuN2qv0O1UZOA==;01/09/2025 08:07;34;Maple Bear Nova Lima - Alphaville Lagoa Dos Ingleses I;Operando;Desenvolvimento;RAFHAEL NAZEAZENO PEREIRA;09211234000233;Avenida Regent;Alphaville - Lagoa Dos Ingleses;34018000;Nova Lima;MG;Sudeste;3132751111;alphaville.mg@maplebear.com.br
0db86622-fb95-ee11-be37-000d3a889d88;DoFf1ADmwSYMqxRZbylAGaPP9yCd/Dj8uVC/HOzNa6KOqiqS9gRUrCrN+/ueuCVYXYXyNSvHf/KUJOly3Yd6Tw==;01/09/2025 08:07;145;Maple Bear Palmas - Plano Diretor Sul I;Operando;Potente;Joao Felipe Gutierrez de Freitas;12665227000135;Acsu So 70 (701 Sul) Rua Ns A;Plano Diretor Sul;77017003;Palmas;TO;Norte;6332247654;palmas@maplebear.com.br
48b86622-fb95-ee11-be37-000d3a889d88;7m2bQBbSFpJKN1g5a6BJb3bx7Alro6JJkx9LThqPeTsjCYmhXCdXwtXur7etz/Rez/OxLOMT614BXKTyGud1eg==;01/09/2025 08:07;648;Maple Bear São Paulo - Penha De França I;Operando;Alerta;INGRID VANIA MAZZEI DE OLIVEIRA;43802657000185;Rua Aquilino Vidal;Penha de França;03633020;São Paulo;SP;Sudeste;1172388080;VIMARCHIORI1985@GMAIL.COM
63b86622-fb95-ee11-be37-000d3a889d88;38TYk4niapod4N7gM2ZcekI52Mjld8cec6aliEV0Ir5F9UTAGZox5pf2n/dpNOM/sHHF4KzWDHI4D3apUqGdXA==;01/09/2025 08:07;69;Maple Bear Porto Velho - Olaria II;Operando;Alta Performance;INGRID VANIA MAZZEI DE OLIVEIRA;34017143000128;Avenida Calama;Olaria;76801309;Porto Velho;RO;Norte;6932161515;portovelho@maplebear.com.br
9bb86622-fb95-ee11-be37-000d3a889d88;trgOcrmKpYNaWZSo0uVOen7Gv6xuBFNL7ZihR4d135sDqvqUEwjLyDyn0c5GfI/owCVHWi30qASdvno35RlRbA==;01/09/2025 08:07;59;Maple Bear Rio De Janeiro - Freguesia II;Operando;Potente;Joao Felipe Gutierrez de Freitas;23110333000250;Estrada Do Bananal;Freguesia (Jacarepaguá);22750012;Rio De Janeiro;RJ;Sudeste;2135560050;freguesia@maplebear.com.br
b7b86622-fb95-ee11-be37-000d3a889d88;ehuy5qW9HWFWvUs1r08Jqg1EQLfoDzX3hFgb3pEPIng0UyWQFY74iNQ3jIaUevds+86mH3P9WKCf4YzTqRKckQ==;01/09/2025 08:07;153;Maple Bear Rio De Janeiro - Méier I;Operando;Alerta;INGRID VANIA MAZZEI DE OLIVEIRA;36366378000150;Rua Padre André Moreira;Méier;20780030;Rio De Janeiro;RJ;Sudeste;2126717972;meier@maplebear.com.br
62015f28-fb95-ee11-be37-000d3a889d88;2QOO7kzmKf7+yhiojEFMkBhv0DCgwnzRhNwS+eSHsTROog4HBSgMqhAR5jJ7aLVxvXGeZNKox52ipppmSq0Vwg==;01/09/2025 08:07;128;Maple Bear São Paulo - Pompéia I;Operando;Potente;Joao Felipe Gutierrez de Freitas;23530167000160;Rua Barão do Bananal;Vila Pompéia;05024000;São Paulo;SP;Sudeste;1183356826;pompeia@maplebear.com.br
7e015f28-fb95-ee11-be37-000d3a889d88;gzqp7LiG85nI5N4iOICznyTXWFsD4d/6KdDwUC4Tw4fDcJnSvNQtCbchf3TYjiJa5F+g+5ZY45gaZLuuHT///g==;01/09/2025 08:07;308;Maple Bear Araxá - Villagio Jardim;Operando;Potente;Joao Felipe Gutierrez de Freitas;44189734000136;Avenida Antônio Maia Filho;Loteamento Residencial Villági;38184481;Araxá;MG;Sudeste;3488992989;VALDA.SANCHEZ@CULTURAINGLESAARAXA.COM.BR
99015f28-fb95-ee11-be37-000d3a889d88;roV4vlcjYcGIadWBQgCVNb5HGO7iUcO6butnfeAN/StSYl/X/aWOiBjXESURjiUbGsIGG9hBCTEgE3ElbEk21Q==;01/09/2025 08:07;745;Maple Bear Blumenau - Velha I;Operando;Alerta;INGRID VANIA MAZZEI DE OLIVEIRA;28184116000228;Rua Itapiranga;Velha;89036230;Blumenau;SC;Sul;4791318886;FINANCEIRO.CAMBORIU@MAPLEBEAR.COM.BR
b4015f28-fb95-ee11-be37-000d3a889d88;md4dWuN80a2fLr8BWRR5rb1QqCiVZJugGADhnHcU4m3UR6lWBW0eUf3+DFgJjA12hPhThRvxgN6MjTlm7DjCCA==;01/09/2025 08:08;150;Maple Bear Campos Dos Goytacazes - Centro I;Operando;Alerta;INGRID VANIA MAZZEI DE OLIVEIRA;35929031000106;Rua Doutor Lacerda Sobrinho;Centro;28010076;Campos Dos Goytacazes;RJ;Sudeste;;adm.campos@maplebear.com.br
d2015f28-fb95-ee11-be37-000d3a889d88;nvT/WEfScYI6XozQD5BqjLMXRtMsYTG98TDYJ5d+/GN62EGSGk1ANO0OKOLZ1koxGM1TpV/cZYNcjkfvRzep1w==;01/09/2025 08:08;268;Maple Bear Dourados - Jardim Das Palmeiras I;Operando;Potente;Joao Felipe Gutierrez de Freitas;37489338000169;Avenida Dom Redovino;Ecoville;79824330;Dourados;MS;Centro-Oeste;6798344810;VALTER.DEAI@MAPLEBEAR.COM.BR
ef015f28-fb95-ee11-be37-000d3a889d88;45/Yt2AzCqalTTeoRrZy+vb5Gr8jby0KyBmY7D5yRc0pb1R3SJbLnJX/Bl98Oi1XR7zqi0gDYZGsQ/7XnTAQfQ==;27/08/2025 12:53;833;Maple Bear Goiânia - Marista III;Operando;Alta Performance;INGRID VANIA MAZZEI DE OLIVEIRA;11436205000300;Rua 1132;Setor Marista;74180110;Goiânia;GO;Centro-Oeste;6230861444;monicasiqueira@maplebeargoiania.com.br
0b025f28-fb95-ee11-be37-000d3a889d88;qV0JiCXaexRoYxtquVBVpgd91m7rp5jHhV/kjHEtHNipzUHl+WTqhFaPm69FksnOkuVRSbiauIlMmOyT1585wg==;01/09/2025 08:08;676;Maple Bear Lagoa Santa - Vila Joana D'Arc I;Operando;Potente;Joao Felipe Gutierrez de Freitas;44050023000186;Alameda Manoel De Paula;Vila Joana D'Arc;33239214;Lagoa Santa;MG;Sudeste;3432415920;ESCBANDEIRANTES@ESCBANDEIRANTES.COM.BR
42025f28-fb95-ee11-be37-000d3a889d88;PErPioT1zut9sud1BtkI+gYCppK5BVRKZ/HY1/sAO6HoxM884X6ZS9rbP3ZSrvMTIDeu9ZyUfd221ZDXisOU0g==;01/09/2025 08:08;270;Maple Bear Linhares - Três Barras I;Operando;Desenvolvimento;TATIANE BARBOSA DOS SANTOS XAVIER;36909399000175;Avenida Etore Pedroni;Três Barras;29907005;Linhares;ES;Sudeste;2799009400;ATENDIMENTO@LINHARES.MAPLEBEAR.COM.BR
7a025f28-fb95-ee11-be37-000d3a889d88;JXrWgFbphNmrwWy/4ajlFgfN8w/OYZVoWprUWPVs+HrPfOMheW2OxtVj3Z07HaV3ncYtReFkTGtcG4hbcXZPqw==;01/09/2025 08:08;66;Maple Bear Natal - Tirol I;Operando;Desenvolvimento;RAFHAEL NAZEAZENO PEREIRA;10396004000194;Avenida Xavier Da Silveira;Tirol;59015430;Natal;RN;Nordeste;8420109791;natal@maplebear.com.br
96025f28-fb95-ee11-be37-000d3a889d88;33SOH0bIUM/yZu4KM8aH06EZnCUpHmYOd3ckJejMCgiSZCtHEbge7YBj7pnCMnpKmxI42ogm0zFHZzs79Nz2uw==;01/09/2025 08:08;67;Maple Bear Parnamirim - Nova Parnamirim I;Operando;Desenvolvimento;RAFHAEL NAZEAZENO PEREIRA;08645668000289;Rua Aníbal Brandão;Nova Parnamirim;59151800;Parnamirim;RN;Nordeste;8481098800;secretaria.parnamirim@maplebear.com.br
b2025f28-fb95-ee11-be37-000d3a889d88;D87+NNnrpsKwPDV/vZdiW/BTUSSR49lLhEi2f3MrYZ5EzD3yxPxcrHgUbYVpaAQQ/3SBbN/ZqcsqvMYE95EChw==;01/09/2025 08:08;111;Maple Bear São Caetano Do Sul - Santa Paula I;Operando;Desenvolvimento;RAFHAEL NAZEAZENO PEREIRA;34865569000131;Rua Marechal Deodoro;Santa Paula;09541300;São Caetano do Sul;SP;Sudeste;1132667146;ines@maplebear.net
cf025f28-fb95-ee11-be37-000d3a889d88;zGw4+HyWcohf4Pcz8zJFG1BGmUs1MMllXn0kDtqMAT2VufQ+E5LuA0VUyqC76CoOhznGnzagdhttAgy9U4Y8dg==;01/09/2025 08:08;155;Maple Bear São Leopoldo - Cristo Rei I;Operando;Potente;Joao Felipe Gutierrez de Freitas;35156508000168;Rua Nóbrega;Cristo Rei;93020410;São Leopoldo;RS;Sul;5131346601;gabriela.bigarella@maplebear.com.br
ee025f28-fb95-ee11-be37-000d3a889d88;nfYmo5ndNa6hllSamTt0ughgwTf1l7c893I8OMFGnwhkQW4mZhTKB+dGrBfl8me5z/dNP2dBQaoHpu5xvzCnxw==;01/09/2025 08:08;135;Maple Bear São Paulo - Vila Nova Conceição I;Operando;Potente;Joao Felipe Gutierrez de Freitas;09467014000194;Rua Inajaroba;Vila Nova Conceição;04511040;São Paulo;SP;Sudeste;1135542960;vilanova@maplebear.com.br
0a035f28-fb95-ee11-be37-000d3a889d88;yAagAtvLNHQvF5bIfsIue3LoU6pRfLXqhMSqap776S20sxGgRO5SqBNi4BTlHKoA00GI3w8ytFatZ6mtEfcZQw==;01/09/2025 08:08;78;Maple Bear Araçatuba - Higienópolis I;Operando;Desenvolvimento;TATIANE BARBOSA DOS SANTOS XAVIER;31778116000180;Rua Frei Felicíssimo Maria De Prada;Higienópolis;16010650;Araçatuba;SP;Sudeste;1636039449;aracatuba@maplebear.com.br
26035f28-fb95-ee11-be37-000d3a889d88;Lprvp+PqapGuPdwKSEo9bRjTcL38uNTZ1IW9wMmVbQxyDvbZMUuJXpLQIv1Y3S5pBcQ0A/LkhwsnswhkVyTiAQ==;01/09/2025 08:08;685;Maple Bear Campinas - Barão Geraldo I;Operando;Potente;Joao Felipe Gutierrez de Freitas;46697826000152;Avenida Santa Isabel;Barão Geraldo;13084012;Campinas;SP;Sudeste;1938339555;
5c035f28-fb95-ee11-be37-000d3a889d88;cBovxg7K/BJz4k5F0qfMHC7Iqxrrh7ll+toYBT15T5B/hZtf8eRy73QVzqX0m8WFZyMXSbHBi78k7Gl+o/+1Dg==;01/09/2025 08:08;722;Maple Bear Duque De Caxias - Jardim 25 De Agosto I;Operando;Potente;Joao Felipe Gutierrez de Freitas;50036130000152;Rua Professor José De Souza Herdy;Jardim Vinte E Cinco De Agosto;25075142;Duque De Caxias;RJ;Sudeste;2167401066;EDUCANCAXIAS@GMAIL.COM
77035f28-fb95-ee11-be37-000d3a889d88;SKbpbk/wKliMCw2TCztv5qgIowE2Pi0Euoi1AcJBgDK/J2HzYiN/3I0UyE90Pr7aLutI4rxGxKVLiOZUb8zpzA==;01/09/2025 08:08;32;Maple Bear Juiz De Fora - Santa Luzia I;Operando;Potente;Joao Felipe Gutierrez de Freitas;35371402000187;Rua Petala Misteriosa;Santa Luzia;36030716;Juiz De Fora;MG;Sudeste;3230262786;juizdefora@maplebear.com.br
93035f28-fb95-ee11-be37-000d3a889d88;Wo01ZYrzON2VYxWIiZ+2qX9PxHx/bCbm7E02l90MILuy8s4wVYb/gqZ2W/jbL/j063Y96MfPt19hnIZ1Sn86Rw==;01/09/2025 08:08;710;Maple Bear Macapá - Centro I;Operando;Implantação;TATIANE BARBOSA DOS SANTOS XAVIER;46149798000139;Avenida Duque De Caxias;Central;68900071;Macapá;AP;Norte;9691498857;MACAPA@MAPLEBEAR.COM.BR
ae035f28-fb95-ee11-be37-000d3a889d88;NrpKH5R3PjvKnSYGV97evtUivcOlP3dacbWbU9sJ64pCWlvBYDMLqIGw8H+acD8Z2uFIqx9QwK10etFIZrxbBQ==;01/09/2025 08:08;51;Maple Bear Maringá;Operando;Potente;Joao Felipe Gutierrez de Freitas;30751203000180;Avenida Arquiteto Nildo Ribeiro da Rocha;Vila Marumby;87005160;Maringá;PR;Sul;4491362021;atendimento.maringa@maplebear.com.br
ca035f28-fb95-ee11-be37-000d3a889d88;hQmYpoo1h15Fp2KC3nNb8O3XyZl9+sbCJjQf01KcuYf6/GbJJ8qzVCdLUo8u/ZlnJwfguQMT6BKZjbACWYuz0A==;01/09/2025 08:09;273;Maple Bear Nova Mutum - Parque Dos Ingas I;Operando;Alerta;INGRID VANIA MAZZEI DE OLIVEIRA;41157601000190;Av. Dos Canários;Parque Dos Ingas;78450000;Nova Mutum;MT;Centro-Oeste;6599367684;monique.lepper@maplebear.com.br
e6035f28-fb95-ee11-be37-000d3a889d88;PadITlFFClAqoDmllQyDDQMFWELn2pVOcMwPkGCnhLYp0dC/gYTWcYDPt0MOxbJ40tKIMhUgwZqn/4woVA05Tw==;02/09/2025 16:30;117;Maple Bear São Paulo - Cantareira I;Operando;Potente;Joao Felipe Gutierrez de Freitas;22120780000146;Avenida Nova Cantareira;Tucuruvi;02341001;São Paulo;SP;Sudeste;1133296710;cantareira@maplebear.com.br
02045f28-fb95-ee11-be37-000d3a889d88;SBXWYkRdW0+QbD+OMszSivs1B/hvnj8a0u+5SjM+ad1qEoc7Bk3msLDYGqA9IeUd6YHZ9ZhSdMp3UmqoHfiYfw==;01/09/2025 08:09;343;Maple Bear São Paulo - Chácara Klabin I;Operando;Desenvolvimento;RAFHAEL NAZEAZENO PEREIRA;12741654000155;Rua Mesquita;Vila Deodoro;01544010;São Paulo;SP;Sudeste;1132137003;klabin@maplebear.com.br
1e045f28-fb95-ee11-be37-000d3a889d88;Mu2Kw8YqoE5f2aVqyOZ/G6iyKeZXy9cD4I2suIniBFk8lyX4zzWXQCSgylF8qPcNX54qQRC1SiHna390fA3pyw==;01/09/2025 08:09;818;Maple Bear São Paulo - Pacaembu I;Operando;Desenvolvimento;RAFHAEL NAZEAZENO PEREIRA;42686243000175;Rua Traipu;Pacaembu;01235000;São Paulo;SP;Sudeste;1144796500;pacaembu@maplebear.com.br
3a045f28-fb95-ee11-be37-000d3a889d88;vdGiE0SxOvHEm9BPW3XEbpqO/rTA+nrpsr+6wmFTj5sIHQLJR76xT+bilpPcS7PptEw7m4pl7mPm9WZ2gxfjhQ==;10/07/2025 19:35;853;Maple Bear São Paulo - Panamby II;Operando;Desenvolvimento;RAFHAEL NAZEAZENO PEREIRA;33254003000100;Rua Itapaiuna;Jardim Morumbi;05707001;São Paulo;SP;Sudeste;1137427534;panamby@maplebear.com.br
56045f28-fb95-ee11-be37-000d3a889d88;E2AjbERky8QyxCcGajdU1/+E1NgiX7EyYtX7QGjRZzp/bIVvXNqs8og6aYeBjHKDbxDK73HVKrQGT1XGbuzRTQ==;01/09/2025 08:09;142;Maple Bear Valinhos - Joapiranga I;Operando;Potente;Joao Felipe Gutierrez de Freitas;23919684000125;Alameda Itahim;Joapiranga;13278510;Valinhos;SP;Sudeste;1938713545;contato@maplebearvalinhos.com.br
a8045f28-fb95-ee11-be37-000d3a889d88;RgUUcyJ+pG4DItSXrYbnJDDnO4vL4mqm3LBKzylg6aHBoyk/yW+QuuIVDy8C6U88gi4CQ5B15vlNAQU1YUyloQ==;01/09/2025 08:09;80;Maple Bear Atibaia - Ressaca I;Operando;Alta Performance;INGRID VANIA MAZZEI DE OLIVEIRA;27894761000190;Rua José Rodrigues Da Cunha;Ressaca;12945003;Atibaia;SP;Sudeste;1185558457;rosicler.vieira@maplebear.com.br
c4045f28-fb95-ee11-be37-000d3a889d88;W7iZbEP/2cm8uHqsSbrf1+4n9D8qaUeIrQkXdPaXIxPjrnGL2bSUmCw5PgLObliOvN98vKPC9rILM+a2wLd9sA==;01/09/2025 08:09;267;Maple Bear Caruaru - Universitário I;Operando;Potente;Joao Felipe Gutierrez de Freitas;37968578000146;Rua Adalgisa Nunes da Paz;Universitário;55016635;Caruaru;PE;Nordeste;8134795538;joao.santana@maplebear.com.br
e0045f28-fb95-ee11-be37-000d3a889d88;bLPTfFMMBwrt+73iAsY/suHtl3eOaZ1uCmatqJET28QOyB+M3cGFhwoDgI9aLAAoawkene9jZwVLv5UKOgohlg==;01/09/2025 08:09;713;Maple Bear Cascavel - Centro I;Operando;Alerta;INGRID VANIA MAZZEI DE OLIVEIRA;50436444000142;Rua Rafael Picoli;Country;85813220;Cascavel;PR;Sul;4531971208;CONTABILIDADE@EP3GESTAO.COM.BR
fc045f28-fb95-ee11-be37-000d3a889d88;wZaSKgsHmcy/QG5qGe9jrb6jrLH3Sua5ZePUyfCBeuPVtSVRfJC7jYK/fNifZ/xcWYamJH6Sx4qllRYO+2qJzA==;01/09/2025 08:09;14;Maple Bear Fortaleza - José De Alencar I;Operando;Desenvolvimento;TATIANE BARBOSA DOS SANTOS XAVIER;11509217000148;Rua Rafael Tobias - Até 1999/2000;Jose De Alencar;60833196;Fortaleza;CE;Nordeste;8533124058;mbf@maplebearfortaleza.com.br
3a055f28-fb95-ee11-be37-000d3a889d88;tBeCjP/JBEqJaH9b8UejYrDlGrPXQRQ0dPiD2vlIHdL1zsnzrLSvkY7rtweS9RWHx808f4r+XQX5b+yFc9UoJQ==;01/09/2025 08:09;89;Maple Bear Guarujá - Enseada I;Operando;Desenvolvimento;TATIANE BARBOSA DOS SANTOS XAVIER;31663914000166;Avenida Dom Pedro I - Até 845/846;Jardim Tejereba;11440000;Guarujá;SP;Sudeste;1333716515;guaruja@maplebear.com.br
56055f28-fb95-ee11-be37-000d3a889d88;3HYyivYH1zhNM10rAAw4d/SmyAilDMZYp/4S5UJJ0SxLn2481OVkXRCrspXzzQek7U4eXog2HcK9Ht/iyV2p1w==;01/09/2025 08:09;98;Maple Bear Mogi Das Cruzes - Vila Oliveira I;Operando;Alta Performance;INGRID VANIA MAZZEI DE OLIVEIRA;09289121000170;Rua Marquês de Olinda;Vila Oliveira;08790510;Mogi das Cruzes;SP;Sudeste;1147266498;atendimento@maplebearmogi.com.br
72055f28-fb95-ee11-be37-000d3a889d88;UiqIbGrKTfRhUmrDWoHxmWbmbHiREnsOPLwlv1AshB1nXBLBYHBHmNWZKBBEL/J149tApvTk1nOBZuz9ByW/dA==;01/09/2025 08:09;35;Maple Bear Pouso Alegre - Fátima I;Operando;Alerta;INGRID VANIA MAZZEI DE OLIVEIRA;19189127000129;R Orvieto Butti;Fatima Ii;37553578;Pouso Alegre;MG;Sudeste;3534236336;pousoalegre@maplebear.com.br
8f055f28-fb95-ee11-be37-000d3a889d88;QOikVAMxNthViZiTnylUMb2z0X+0tu/zu1dKud2vgZheKXQumHHN8/jOpNNfVzefi7TjBn8ugcZDbmSeRpd/ug==;01/09/2025 08:09;104;Maple Bear Ribeirão Preto - Bonfim Paulista I;Operando;Desenvolvimento;TATIANE BARBOSA DOS SANTOS XAVIER;04218486000190;Via Doutor Luiz Carlos Bianchi;Bonfim Paulista;14110000;Ribeirão Preto;SP;Sudeste;1636202245;robson.andrade@maplebear.com.br
ab055f28-fb95-ee11-be37-000d3a889d88;mL1yl1KjEyP7vQjA+0doayM+w6Sz8BJmf349NVxv7bz6IoLhESpD+wh2AJAzBhqeEMZo7ez8r0IXBCID3V4kww==;01/09/2025 08:10;146;Maple Bear São Paulo - Alto De Pinheiros I;Operando;Alerta;INGRID VANIA MAZZEI DE OLIVEIRA;12460233000156;Avenida Padre Pereira de Andrade;Boaçava;05469000;São Paulo;SP;Sudeste;1130215592;infantil.pinheiros@maplebear.com.br
c8055f28-fb95-ee11-be37-000d3a889d88;E/6aTVt5V4ulDxD2NyyW4UieOlAPxPgegn3i1fGGVHr0eBqO8abaliCeZCm5v+rCb6CII8tQHXrn/KSOqbYt3Q==;08/09/2025 15:55;642;Maple Bear São Paulo - Casa Verde I;Operando;Alerta;INGRID VANIA MAZZEI DE OLIVEIRA;53510509000140;Rua Jaguarete;Casa Verde;02515010;São Paulo;SP;Sudeste;1122711111;CRUZEIRO_SUL@UOL.COM.BR
e4055f28-fb95-ee11-be37-000d3a889d88;tme9NtSajHcZqvK+dtrBcZ/ZvHJDEM6jZdUwJcN8iAJmpMTZ0hz7KdrrSjLWI63H/hfZUqHjbYzW1V0bCld1Wg==;15/08/2025 16:26;739;Maple Bear São Paulo - Pompéia II;Operando;Potente;Joao Felipe Gutierrez de Freitas;33681926000149;Rua Raul Pompéia;Vila Pompéia;05025011;São Paulo;SP;Sudeste;1198335682;pompeia@maplebear.com.br
00065f28-fb95-ee11-be37-000d3a889d88;L9x8O2QArV/LcVIoGJ5xqkZuFWb/C/f4dxPU5skX6tpvO5n0T9F8ta1uuayU9D52PNnm6I7JN6ul+u8Kx6aVOQ==;12/09/2025 18:44;131;Maple Bear São Paulo - Tatuapé II;Operando;Desenvolvimento;RAFHAEL NAZEAZENO PEREIRA;60597044004160;Rua Antônio de Barros;Vila Carrão;03401001;São Paulo;SP;Sudeste;1138732911;ADRIANO.ARRUDA@LIGASOLIDARIA.ORG.BR
1d065f28-fb95-ee11-be37-000d3a889d88;QKrTewj+LNSM6iRav/pNx8pKZG5CEMgcKaTgbuSizm1OBEvVMCtgXHUM1P6JM/i5tZRInN0Sg28SMRcRFxLTwQ==;01/09/2025 08:10;695;Maple Bear São Paulo - Vila Mascote I;Operando;Desenvolvimento;TATIANE BARBOSA DOS SANTOS XAVIER;28364985000153;Rua Itagyba Santiago;Vila Alexandria;04635050;São Paulo;SP;Sudeste;1123858581;vilamascote@maplebear.com.br
324e572e-fb95-ee11-be37-000d3a889d88;URFokLRjLd8jcC/3uMuiwFHJTH/yk/hSePowAdjGx3HnCHJWMJE+pvI+nvFO82CU4olliS2oDBNNRrRVVqfYZw==;01/09/2025 08:10;149;Maple Bear Belo Horizonte - Sagrada Família I;Operando;Potente;Joao Felipe Gutierrez de Freitas;36413603000162;Rua São Marcos;Sagrada Família;31035450;Belo Horizonte;MG;Sudeste;;paulo.pacheco@maplebear.com.br
4f4e572e-fb95-ee11-be37-000d3a889d88;1io+JqpJdxB8K6tb8Baiq8cFUjhHI25+d8PrCbvUxGQ5Uqlu+fWxc1DsWmQ+DZp7l40ayVj2/1qZmRUq/5o5rg==;05/09/2025 14:00;163;Maple Bear Bragança Paulista I;Operando;Alerta;INGRID VANIA MAZZEI DE OLIVEIRA;32104752000199;Avenida Lyrss Godinho De Siqueira;Residencial Floresta São Vicente;12919526;Bragança Paulista;SP;Sudeste;1140323350;rosana.braga@maplebear.com.br
6b4e572e-fb95-ee11-be37-000d3a889d88;JSfMjOpZYnV3EKePNidOT6kb4oVVtXuPMejZVQojitUe/5ObQuYY//HXya6hGU92JTCYURqtbSadIKrnADuJ/w==;01/09/2025 08:10;269;Maple Bear Lavras - Cidade Da Serra I;Operando;Desenvolvimento;TATIANE BARBOSA DOS SANTOS XAVIER;22070643000144;Avenida Projetada 2;Loteamento Cidade Da Serra;37206837;Lavras;MG;Sudeste;3536942120;alysson.carvalho@gammon.br
874e572e-fb95-ee11-be37-000d3a889d88;AIbdZ88EBbg/jtVKjPkpIDTJ5/J5pw5K+50W6w5KU+OAbhVATh/QO8ErFCnadne6KLGqjMmgj0XAh2l5JIYiVg==;01/09/2025 08:10;691;Maple Bear Lucas Do Rio Verde - Alvorada I;Operando;Alerta;INGRID VANIA MAZZEI DE OLIVEIRA;41157601000270;Rua Umuarama;Menino Deus;78466525;Lucas do Rio Verde;MT;Centro-Oeste;6599367684;MONIQUE.LEPPER@MAPLEBEAR.COM.BR
a24e572e-fb95-ee11-be37-000d3a889d88;zBRBhfYRD7wtm4NLOXp1SqJg42A1VoWK3CWVg7b8H1ySbvU+/wXSh/V0AmVy7zJjW0tjK1bPcHGuDoCAm/YQ3Q==;01/09/2025 08:10;812;Maple Bear Maceió - Jatiúca I;Operando;Alta Performance;INGRID VANIA MAZZEI DE OLIVEIRA;50992279000105;Avenida João Davino;Mangabeiras;57037590;Maceió;AL;Nordeste;8291911954;maceio@maplebear.com.br
be4e572e-fb95-ee11-be37-000d3a889d88;C4ir+AftDzIbWLjNk0+fCzTqQlcHGvbPXrcVTt8RX2uFQKNj+qzn1K3lRY4tLTJCA/9Pqi4XeHZ1l8OFDcJaLQ==;15/09/2025 14:48;55;Maple Bear Niterói - São Francisco I;Operando;Desenvolvimento;RAFHAEL NAZEAZENO PEREIRA;31028034000118;Rua Major Froes;São Francisco;24365030;Niterói;RJ;Sudeste;2136292536;saofrancisco@maplebear.com.br
da4e572e-fb95-ee11-be37-000d3a889d88;OoSOiXeTjjE4XVIJGw8ro7sKEt8uo4vCmFwWGiTekulrS1zjM5ZZfZGNIWqf3mDjADJHTsT/mTztO5IrshnfeA==;01/09/2025 08:10;296;Maple Bear Nova Iguaçu - Centro I;Operando;Potente;Joao Felipe Gutierrez de Freitas;42312841000184;Rua Luís Tomás;Luz;26256100;Nova Iguaçu;RJ;Sudeste;2124133797;henrique.fraga@maplebear.com.br
f74e572e-fb95-ee11-be37-000d3a889d88;GWJQ4zTYj02yl+t6W4b+rFPNl8dMjngEEDSwnKoEexZ99f84EL5AAYnHNtRl0NgUc+Il/fYHaOSaT9fvUYO7SA==;01/09/2025 08:10;304;Maple Bear Passo Fundo - Vila Luiza I;Operando;Alerta;INGRID VANIA MAZZEI DE OLIVEIRA;43089529000136;Rua João Biazuz;Vila Luiza;99072820;Passo Fundo;RS;Sul;5491716218;CONTATO.PASSOFUNDO@MAPLEBEAR.COM.BR
124f572e-fb95-ee11-be37-000d3a889d88;Us5y5ai0qXv1RbaaZtZc6FqA20oNfhv2ZYpWRzd594wCy3Lac3oQi746DZIRLwSRHwmTWfBsBAunPN+gpnbE2g==;01/09/2025 08:10;68;Maple Bear Porto Velho - Olaria I;Operando;Alta Performance;INGRID VANIA MAZZEI DE OLIVEIRA;15896152000191;Avenida Calama;Olaria;76801309;Porto Velho;RO;Norte;6930261516;portovelho@maplebear.com.br
2e4f572e-fb95-ee11-be37-000d3a889d88;Jhch/VaiS2CxKcKasjL+qOLyIOKtW7efCGMgAVDrnAOD0jth4mfK0UBPQutzpWG9hchCe6eR08y0z4iARUUe0Q==;01/09/2025 08:10;162;Maple Bear Rio Claro - Centro I;Operando;Alta Performance;INGRID VANIA MAZZEI DE OLIVEIRA;34073962000192;Avenida 14;Centro;13500470;Rio Claro;SP;Sudeste;1935224402;administrativo.rioclaro@maplebear.com.br
4a4f572e-fb95-ee11-be37-000d3a889d88;6PzFjn8VCKN9Df8vDZhOazUokJs0VhHq0KKKV75/G9KOAgkwFKa0Bf3EhMkW0CYzCW17zxgSZ3fcaMaIzMnKlg==;01/09/2025 08:10;13;Maple Bear Salvador - Canela I;Operando;Potente;Joao Felipe Gutierrez de Freitas;31011730000111;Rua Marechal Floriano;Canela;40110010;Salvador;BA;Nordeste;7191923005;maplebearcanela@gmail.com
664f572e-fb95-ee11-be37-000d3a889d88;YHE7rsJ2DLoUbjeRd5EYZ3ntqlh6acsRsnFl/amnklbisSwVRKaWzJE7CxnSTZZ0KOeJECG7ukjktinVFfC1pQ==;01/09/2025 08:11;107;Maple Bear Santa Bárbara D'Oeste - Jardim Mollon I;Operando;Potente;Joao Felipe Gutierrez de Freitas;23556181000132;Rua Do Osmio;Jardim Mollon;13456625;Santa Bárbara D'Oeste;SP;Sudeste;1931990087;sboamericana@maplebear.com.br
834f572e-fb95-ee11-be37-000d3a889d88;C0GpKbZKz1ou91gWcv6OjnahVonpFQOROF8bRw53zzoVVLFYK5WQTu5/vYIrMwKUvb4p+5XIndPI9qtEqmtWwA==;01/09/2025 08:11;115;Maple Bear Santana De Parnaíba - Alphaville I;Operando;Alerta;INGRID VANIA MAZZEI DE OLIVEIRA;07080893000171;Avenida Doutor Dib Sauaia Neto Saturno;Alphaville;06541010;Santana de Parnaíba;SP;Sudeste;1141530033;atendimento@fernaogaivota.com.br
a34f572e-fb95-ee11-be37-000d3a889d88;FVsBrwAivpQZ0tC+0Sj0Qjbrb/D8fMZmVdz6frk6q6xINzTio1RDL9AkU6khcRb2+16O0tlkz9Oke37W4VPnKQ==;01/09/2025 08:11;160;Maple Bear São Luis - Jardim Renascença I;Operando;Alta Performance;INGRID VANIA MAZZEI DE OLIVEIRA;10463233000184;Avenida Vales;Jardim Renascença;65075660;São Luis;MA;Nordeste;9821095000;saoluis@maplebear.com.br
c14f572e-fb95-ee11-be37-000d3a889d88;FHHUSMC7gXrJqQsEw+43dCSOEgS1Vz9ltBlNblt3kf3ebsi2YzVN+WCuZjcG3vL34n+FSnRagQKb+ygQ+77Uxw==;01/09/2025 08:11;165;Maple Bear São Paulo - Granja Julieta II;Operando;Potente;Joao Felipe Gutierrez de Freitas;11413825000588;Rua São Benedito;Santo Amaro;04735002;São Paulo;SP;Sudeste;1121480150;granjajulieta@maplebear.com.br
dd4f572e-fb95-ee11-be37-000d3a889d88;sluDD49+fkpE1mozvJS3NkBG7qZj+sy7JIh/oGjTYnktxjziBCaYLVLRCZD+kyHW18QZEkHxwMwYt/Y5FiLRFQ==;01/09/2025 08:11;47;Maple Bear Teresina - Morada Do Sol I;Operando;Potente;Joao Felipe Gutierrez de Freitas;12402770000140;Rua Professora Adalgisa Paiva;Morada Do Sol;64056490;Teresina;PI;Nordeste;8632116776;teresina@maplebear.com.br
f94f572e-fb95-ee11-be37-000d3a889d88;fcFxkPyyFxbXPBAjfl75PKI/N5hJS53Xzmyo5I5xK85cB+CBzXr2Zwnb1uHmM3ULH6XmZjw5D5SvtG5NL5TV1g==;01/09/2025 08:11;156;Maple Bear Três Lagoas - Quinta Da Lagoa I;Operando;Potente;Joao Felipe Gutierrez de Freitas;35248824000160;Rua Antônio Mendes;Parque das Mangueiras;79611211;Três Lagoas;MS;Centro-Oeste;6781210157;treslagoas@maplebear.com.br
1550572e-fb95-ee11-be37-000d3a889d88;J574CeVriWp5Eb2H7A/hlFQJYoLXpXgjhnppwYw66FJfKLbF1748l622eRmOyiaDqrtbM9gXU1bZJ2q944Uq8w==;01/09/2025 08:11;719;Maple Bear Barretos - Campos Do Conde I;Operando;Potente;Joao Felipe Gutierrez de Freitas;48241002000107;Avenida 19;América;14783063;Barretos;SP;Sudeste;1781161334;CLARAGALLETI@HOTMAIL.COM
4b50572e-fb95-ee11-be37-000d3a889d88;Py6fO8w4aBWyYJNbKId0T8Jqh7KoQEGeJHJnIbQZ7Opr228m9FS2w06alGZcw+c7Po/NFBPiy5MsOKGHg4ErBA==;01/09/2025 08:11;645;Maple Bear Caxias Do Sul - Santa Catarina I;Operando;Desenvolvimento;TATIANE BARBOSA DOS SANTOS XAVIER;44034235000170;Rua Jacob Luchesi;Santa Catarina;95032000;Caxias Do Sul;RS;Sul;4403423500;ATENDIMENTO@CAXIAS.MAPLEBEAR.COM.BR
6850572e-fb95-ee11-be37-000d3a889d88;fst3thdjA2eZeDATimI6eOQDq60Z9ztHK0l1H6sy2d1s6ozbl0+r6U7UCKvtFs44v3I3N4zrrY/JZbt7yEMdAw==;01/09/2025 08:11;293;Maple Bear Divinópolis - Centro I;Operando;Alerta;INGRID VANIA MAZZEI DE OLIVEIRA;42033677000176;Rua São Paulo;Centro;35500006;Divinópolis;MG;Sudeste;3199223512;divinopolis@maplebear.com.br
8450572e-fb95-ee11-be37-000d3a889d88;5H9Qg29qavT78VC6ML4eY0FV1gm3IPR9N2BHCLz+YvVYH962RHG/GDphDr/nrHEGoo89Dojmls+hfYsEagIh9A==;01/09/2025 08:11;88;Maple Bear Guaratinguetá - Alberto Byington I;Operando;Alerta;INGRID VANIA MAZZEI DE OLIVEIRA;33279418000139;Avenida Doutor Ariberto Pereira Da Cunha;Residencial Alberto Byington;12515241;Guaratinguetá;SP;Sudeste;1292055110;contato.guaratingueta@maplebear.com.br
a050572e-fb95-ee11-be37-000d3a889d88;xV9Hw8+t0Sf0JJuXRq9/qK8h7grFIyH/FK9WVGvOkH7On4ipcCLQGUaGV4xQ2ffaFNebnSR1iZYgo0t7s2j2Vg==;01/09/2025 08:11;53;Maple Bear Macaé - Vale Encantado I;Operando;Desenvolvimento;RAFHAEL NAZEAZENO PEREIRA;08831187000187;Rua José Vicente Soriano De Oliveira;Vale Encantado;27933372;Macaé;RJ;Sudeste;2227735067;macae@maplebear.com.br
db50572e-fb95-ee11-be37-000d3a889d88;nn2wOldGJTdkG04YotX6JSLj6uM2Dr2pIOJ+w1bhLm9eHCrfG/Mp7Zx5+5MNhJX0/vdu7TkjUOnl1fvSLEgM9A==;01/09/2025 08:11;728;Maple Bear Passos - Centro I;Operando;Potente;Joao Felipe Gutierrez de Freitas;46276057000119;Rua Antônio Celestino;Centro;37900164;Passos;MG;Sudeste;3599812920;DIRETORACOC@GMAIL.COM
f650572e-fb95-ee11-be37-000d3a889d88;0DJSNC3wmrb9Xj0cKDoc+nJWhXvFoiYfahFEfBE4wCuxMK0mMxTnKsdovANCXoVeqjqQ6Gzx+gOJSt3FcirjMw==;12/09/2025 18:55;657;Maple Bear Porto Alegre - Zona Sul I;Operando;Desenvolvimento;RAFHAEL NAZEAZENO PEREIRA;15458345000241;Avenida Diário De Notícias;Cristal;90810080;Porto Alegre;RS;Sul;5132246687;DFISCAL@INTEMPO.NET.BR
1251572e-fb95-ee11-be37-000d3a889d88;bTeghBmAZiqP9mf6Uixtftz+tnt/mb583Mkf2VG/kN8tZRUrCymTiA1dc6WNEo6bSePAq+cwL9InPi22QRKx9Q==;01/09/2025 08:11;778;Maple Bear Rondonópolis - Parque Sagrada Familia I;Operando;Implantação;TATIANE BARBOSA DOS SANTOS XAVIER;46517639000140;Rua Alcides Borges Nates;"Parque Sagrada
Família";78735389;Rondonópolis;MT;Centro-Oeste;6699848959;FERNANDO@ADVOCACIACARRENHO.COM.BR
3151572e-fb95-ee11-be37-000d3a889d88;Aop0HQ27Z4Vi3uNf8Inj7rXi2C5sMdhALQxLO1sPCNVYfSMO7RbzfYYEU54YnttIKn7E3I5DXp2e7oWq2H+tvw==;01/09/2025 08:11;121;Maple Bear São Paulo - Jaguaré I;Operando;Potente;Joao Felipe Gutierrez de Freitas;16569241000196;Avenida General Mac Arthur;Vila Lageado;05338000;São Paulo;SP;Sudeste;1137634596;jaguare@maplebear.com.br
5051572e-fb95-ee11-be37-000d3a889d88;WxOQKBGU+G0A8kNuztBgLg24sNVD2q69pBaVpTXnMqwQVXK6OVMi9x9Fb3DfE7t4rgyZVAIc6/s5Y6gjMtDZ+A==;26/08/2025 11:36;406;Maple Bear Sorocaba - Jardim São Carlos I;Operando;Potente;Joao Felipe Gutierrez de Freitas;08402789000119;R Elias Rodrigues Claro;Jardim Sao Carlos;18046390;Sorocaba;SP;Sudeste;1532212111;sorocaba@maplebear.com.br
7351572e-fb95-ee11-be37-000d3a889d88;kYCvNboQLT/RLSwaW7yoVx7yEEdWyQkAsCRcRjA/DDuv4bL2cAOAiepNUTG5CqMeig3la4orIUvy46N/5+MJOw==;05/09/2025 14:02;41;Maple Bear Sorriso - Residencial Copenhagen I;Operando;Alerta;INGRID VANIA MAZZEI DE OLIVEIRA;31329320000113;Rua Amsterdã;Residencial Copenhagen;78891273;Sorriso;MT;Centro-Oeste;6635447623;administrativo.sorriso@maplebear.com.br
9351572e-fb95-ee11-be37-000d3a889d88;db8/Tt3cv3byvsB5aYT9EfN68YLmm1GLblwblxq1c5lLW2kPe6c+8lCUby5c6la5WncwUNMBkFhlXNpWM2Z3OQ==;01/09/2025 08:12;140;Maple Bear Taboão Da Serra - Parque Assunção;Operando;Potente;Joao Felipe Gutierrez de Freitas;34565436000140;Rua das Camélias;Parque Assunção;06754110;Taboão da Serra;SP;Sudeste;1145582555;fernando.costa@maplebear.com.br
b151572e-fb95-ee11-be37-000d3a889d88;bSNicUXWmT6/Nu3h4Z0InggzkgkHnymXHa6PbCYwXptiGlWO9T5EAi7958Il+AEAE8ud9JSd9S5fOuqKNkWheQ==;01/09/2025 08:12;141;Maple Bear Taubaté - Jardim Das Nações I;Operando;Desenvolvimento;RAFHAEL NAZEAZENO PEREIRA;22534866000115;Avenida Charles Schnneider;Parque Senhor do Bonfim;12040001;Taubaté;SP;Sudeste;1297931655;atendimento@maplebeartaubate.com.br
cd51572e-fb95-ee11-be37-000d3a889d88;QoZJWcZztfRDITN69oAZvOxE2uaTKA17ZF0/8/ZG76v1idVlIbyrlIQgCfnHUXkCbaJD+4Ct7KtPIV/wYqJwBg==;01/09/2025 08:12;77;Maple Bear Aldeia Da Serra - Morada Dos Lagos I;Operando;Desenvolvimento;TATIANE BARBOSA DOS SANTOS XAVIER;35014636000177;Avenida Real;Residencial Morada dos Lagos;06429200;Barueri;SP;Sudeste;1147238404;aldeiadaserra@maplebear.com.br
e951572e-fb95-ee11-be37-000d3a889d88;pFiuQtp3Qjd0ewbbMYTpP1IClnhMxzfHQyjPDk81hXtRVT2/mNDhFEQVNCbfLyOxSBXu7eQLCHNVNcV5i4RXwg==;05/09/2025 13:58;21;Maple Bear Anápolis - City I;Operando;Alerta;INGRID VANIA MAZZEI DE OLIVEIRA;11093607000180;Avenida S-005;Anápolis City;75096050;Anápolis;GO;Centro-Oeste;6230996130;pamella.gomes@maplebear.com.br
0552572e-fb95-ee11-be37-000d3a889d88;aRo7IE0EuYoBxhubVWVB95M4hxTLohxUnjdwIHxSoBlthUu8xr0rMX3agGji5i1ltyU0/zR86agg0QaiMMUxFA==;01/09/2025 08:12;79;Maple Bear Araraquara - Vila Harmonia I;Operando;Desenvolvimento;RAFHAEL NAZEAZENO PEREIRA;35684948000198;Avenida Cazimiro Peres;Vila Harmonia;14802600;Araraquara;SP;Sudeste;1633361081;atendimento.araraquara@maplebear.com.br
2152572e-fb95-ee11-be37-000d3a889d88;58bSpUjr5UaPLeBiKSh+mgxieF3HrSq5W9fSfF7BCT5ozImtv6UK+32gt9JjVFHIAyr/R4fmfk052kbcoNcAKA==;01/09/2025 08:12;17;Maple Bear Cachoeiro Do Itapemirim - São Geraldo I;Operando;Desenvolvimento;TATIANE BARBOSA DOS SANTOS XAVIER;25116239000152;Rua Amélia Molinarolli Giro;São Geraldo;29314673;Cachoeiro Do Itapemirim;ES;Sudeste;2830272838;secretaria@maplebearcachoeiro.com.br
3d52572e-fb95-ee11-be37-000d3a889d88;RfY9rxRl04XBHmG5wINNz9sogPp8dX0jq3DDHLx4DVGCrFUVjkciNzrntalXM3udqZUB4w/o+tlD5KG5LVpVDA==;11/09/2025 18:56;271;Maple Bear Hortolândia - Parque Gabriel I;Operando;Desenvolvimento;TATIANE BARBOSA DOS SANTOS XAVIER;40780020000147;Avenida Fermino Maltarollo;Parque Gabriel;13186598;Hortolândia;SP;Sudeste;1141538846;SOCIETARIO@FSCONTROLLER.COM.BR
5a52572e-fb95-ee11-be37-000d3a889d88;5UPvYUVzO5ANZY6r2+eMITk/f484nggWI0biDizLNsd4w1GPS5oQ6ZdGWt3aOOkvImaQTnFzk7LfrO25+kvBcQ==;01/09/2025 08:12;275;Maple Bear Itapetininga - Jardim Colombo I;Operando;Desenvolvimento;RAFHAEL NAZEAZENO PEREIRA;41521054000180;Rua Plínio Tambelli;Jardim Colombo;18206430;Itapetininga;SP;Sudeste;1996038577;itapetininga@maplebear.com.br
fa13a141-fb95-ee11-be37-000d3a889d88;LjRywKodn0oWUYvOIF8ktlLgtEYx3Sy9OUSD68zcNonfdU8/Du0AtTZhMCRIze1ljgyEaSCHXADuNdg8x+VVtw==;05/09/2025 14:01;9;Maple Bear Manaus - Ponta Negra II;Operando;Alerta;INGRID VANIA MAZZEI DE OLIVEIRA;31356119000206;Avenida Coronel Teixeira;Ponta Negra;69037000;Manaus;AM;Norte;9236432056;atendimento.pontanegra@nitonlins.br
3114a141-fb95-ee11-be37-000d3a889d88;nFwl38elT6X90ALrwr9FNIopXAWnJw6p40FDVFueqYeIYtuopq+3cJ60I8vLZrz5XTrVJCEQ8mTPfKs5rhZM0g==;01/09/2025 08:12;100;Maple Bear Paulínia - Morumbi I;Operando;Potente;Joao Felipe Gutierrez de Freitas;30976848000111;Avenida José Paulino;Morumbi;13140723;Paulínia;SP;Sudeste;1938744114;paulinia@maplebear.com.br
4d14a141-fb95-ee11-be37-000d3a889d88;zzLzYhM5ksrgTfJut7+aFnBeklyPwl+8TeosWXa3dNFexuKMDchX36/foxgj1ft39XscvpPT0JFYR7AZYK0FDA==;01/09/2025 08:12;102;Maple Bear Praia Grande - Canto Do Forte I;Operando;Alerta;INGRID VANIA MAZZEI DE OLIVEIRA;31342155000130;Avenida Rio Branco;Canto Do Forte;11700200;Praia Grande;SP;Sudeste;1332785900;secretariapg@maplebear.com.br
6b14a141-fb95-ee11-be37-000d3a889d88;gYdYbRFoqHivgXovVhpTQ0EbcCKafKNu+ta4t5TcHF7rM3B68KdvyPb/X3Mdy4m8RG3lZhPfNqPz2RNGlets6w==;01/09/2025 08:12;103;Maple Bear Presidente Prudente - Parque Residencial Dahma I;Operando;Potente;Joao Felipe Gutierrez de Freitas;21347139000186;Avenida Miguel Damha;Parque Residencial Damha;19053681;Presidente Prudente;SP;Sudeste;1639831272;prudente@maplebear.com.br
8b14a141-fb95-ee11-be37-000d3a889d88;hXpLMRzr/VtyKTqXT55rVGdOFUdV0OU4x+v3PTl9ahnD23X34FHQB46h5Vrdg1uhKCtr1Bb0coP+eCoF/zRkXw==;15/08/2025 16:29;621;Maple Bear Rio De Janeiro - Barra Da Tijuca II;Operando;Potente;Joao Felipe Gutierrez de Freitas;26304721000189;Rua Martinho De Mesquita;Barra Da Tijuca;22620220;Rio De Janeiro;RJ;Sudeste;2124801914;barradatijuca@maplebear.com.br
a714a141-fb95-ee11-be37-000d3a889d88;cehJmcFuWNesc5brwxoz7UkdGvKz1WEU2Wl60nYWZyM5cZ6y10iq3wyUXoOQD4D3mhN24wiQNMmu8vfz17f3CQ==;01/09/2025 08:12;110;Maple Bear São Bernardo Do Campo - Centro I;Operando;Potente;Joao Felipe Gutierrez de Freitas;15045234000122;Rua Dom Paulo Mariano;Nova Petrópolis;09770320;São Bernardo do Campo;SP;Sudeste;1149425260;keity@maplebear.com.br
c314a141-fb95-ee11-be37-000d3a889d88;W26jnZZ376BMoDhJMTZb38SMC9cBDP++KJyeT2eLK2gZdZ6/brV3VNQOoQLwuQC46wB4Xilg7+pd+Q161HF2Pw==;01/09/2025 08:13;113;Maple Bear São José Do Rio Preto - Redentora II;Operando;Desenvolvimento;TATIANE BARBOSA DOS SANTOS XAVIER;21909476000110;Rua Cleophas Beltran Silvente;Chácara Municipal;15090180;São José Do Rio Preto;SP;Sudeste;1732338892;redentora@maplebear.com.br
df14a141-fb95-ee11-be37-000d3a889d88;EKGi6C1qP91zs1lMAvEVF7Mo/ivtwyIfWkHp1IHDGQl3fqj2gmBYatXOUbn0txOhO8ckHfIHUtF6pZTum4htkQ==;01/09/2025 08:13;130;Maple Bear São Paulo - Santana II;Operando;Potente;Joao Felipe Gutierrez de Freitas;17206774000176;Rua Condessa Siciliano;Jardim São Paulo(Zona Norte);02044050;São Paulo;SP;Sudeste;1146373232;direcao.santana@maplebear.com.br
fd14a141-fb95-ee11-be37-000d3a889d88;n52hVrr7lGJ1z4hKRqzILaNunYk/nvD0vjlk++TOXYvXer9dbvjNfsidRl/sIWMo4F+1jK5K9i5bW22PNHcz/w==;01/09/2025 08:13;136;Maple Bear São Paulo - Vila Olímpia;Operando;Potente;Joao Felipe Gutierrez de Freitas;17013310000143;Avenida Doutor Cardoso de Melo;Vila Olímpia;04548003;São Paulo;SP;Sudeste;1130442851;vilaolimpia@maplebear.com.br
3515a141-fb95-ee11-be37-000d3a889d88;9jqnV9lazZ1Uamh+6NddnTWbhjbnCNw80XX9i4e4+QDJYvXKfuVWqxGz5zTI9eq4jvuYeTfMIanFpvN+rnWFyA==;01/09/2025 08:13;74;Maple Bear Florianópolis - Continente I;Operando;Desenvolvimento;TATIANE BARBOSA DOS SANTOS XAVIER;20913239000160;Rua Araci Vaz Callado;Canto;88070750;Florianópolis;SC;Sul;4830911934;florianopolis@maplebear.com.br
5115a141-fb95-ee11-be37-000d3a889d88;9hRUgFwlnEN+9WA9MuksMq9bZQu+k6G2uG7iF2RWHx+Dsjfas/PkMpJBBV3e3W+PXtlNKbbqpx2YWIgEkY+LXQ==;01/09/2025 08:13;294;Maple Bear Governador Valadares - Alto Esplanada I;Operando;Alerta;INGRID VANIA MAZZEI DE OLIVEIRA;41258921000136;Rua Dos Canários;Alto Esplanada;35064000;Governador Valadares;MG;Sudeste;;rh.gv@maplebear.com.br
6d15a141-fb95-ee11-be37-000d3a889d88;2cF5zlufMmPLfwor/NmO8IC8XYUWKme0nBmMii7MfNoNpg/JdGzknsRfsiccIfQLhfxcFjdtw8jxuNRjWAfdoA==;01/09/2025 08:13;736;Maple Bear Gramado - Planalto I;Operando;Implantação;TATIANE BARBOSA DOS SANTOS XAVIER;47172201000130;Joao Leopoldo Lied;Belverede;95670000;Gramado;RS;Sul;5199514454;MAPLEBEARGRAMADO@GMAIL.COM
8815a141-fb95-ee11-be37-000d3a889d88;JoXTtWf65f9w5LYRx+oqzaH9IWQdPXE5dVEW89QtZpXGlp5ikNGkcNwXcLssZeCrO/OTvt1pgTTPNLEzLatFYQ==;01/09/2025 08:13;97;Maple Bear Marília - Parque Das Esmeraldas I;Operando;Desenvolvimento;TATIANE BARBOSA DOS SANTOS XAVIER;26494903000160;Rua José De Abreu Neto;Parque Das Esmeraldas Ii;17516724;Marília;SP;Sudeste;1432218800;marilia@maplebear.com.br
a415a141-fb95-ee11-be37-000d3a889d88;VzVI4P4cMZPlk7FZYCVJkGl7XjJWrE6qpDB5ZaOhnkQ/wdIpwNUqYrzqMEbKjlcz4Gbdx8w2t406WxtSChHRKQ==;30/06/2025 20:08;815;Maple Bear Piracicaba - Vila Rezende II;Operando;Potente;Joao Felipe Gutierrez de Freitas;44565994000169;Avenida Dona Francisca;Vila Rezende;13405259;Piracicaba;SP;Sudeste;1933718100;FINANCEIRO.PIRACICABA@MAPLEBEAR.COM.BR
c115a141-fb95-ee11-be37-000d3a889d88;Kdb/3in8P5cYYOMQB74bMiWnMhJaSrkayTaI3lJWG9WnptNg/xI9jPybPuylxmlXiPeW8XNL7jedRHyWni8KPg==;01/09/2025 08:13;654;Maple Bear Poços De Caldas - Centro I;Operando;Potente;Joao Felipe Gutierrez de Freitas;47323844000137;Rua Padre Henry Mothon;Centro;37701009;Poços De Caldas;MG;Sudeste;1297220106;FMERLIN@PROSPEREDUCACIONAL.COM.BR
dc15a141-fb95-ee11-be37-000d3a889d88;ZL2zB5Ih25S6c2Jcu6Hy5tgQ/UVpKRCivOb8HFUy1MkzTcV2xB5knNzBtO1xdevJ00+J4Lz/X8M0nZwp3e7SQw==;12/09/2025 18:46;12;Maple Bear Salvador - Pituba I;Operando;Desenvolvimento;RAFHAEL NAZEAZENO PEREIRA;15179690000831;Av. Professor Magalhães Neto;Pituba;41810012;Salvador;BA;Nordeste;7133405400;secretaria@acbeumaplebear.com.br
f815a141-fb95-ee11-be37-000d3a889d88;k1agOhE7pw60ifySqbbamHFlVNW8BbgGzwZTaGkos36BxBkLVU327fX7Kv5iimN8PODxO4/TSRCKPb1Luk1+Ag==;09/09/2025 13:35;114;Maple Bear São José Dos Campos - Serimbura I;Operando;Potente;Joao Felipe Gutierrez de Freitas;11388420000103;Avenida Linneu De Moura;Urbanova;12244380;São José Dos Campos;SP;Sudeste;1239213032;sjc@maplebear.com.br
1416a141-fb95-ee11-be37-000d3a889d88;7Wjj/5hYuIMfBLIAi1/WnxfWyxHGhNAjzmRAVfgQEGhKMFDpl//qeVKGY1wZg4xjlrLzh616nYDbqmoDlz6t7A==;01/09/2025 08:13;36;Maple Bear Uberaba - São Sebastião I;Operando;Desenvolvimento;RAFHAEL NAZEAZENO PEREIRA;34222275000191;Rua Luiz Rodrigues Borges;Santa Marta;38061160;Uberaba;MG;Sudeste;3433122700;uberaba@maplebear.com.br
3016a141-fb95-ee11-be37-000d3a889d88;e4r/96dEuF/rSraCHUrrjk0vbSZ3gPRtW/UiLZlPmripzfzRUp6Jc0RpJJ/X5j/H4Hej4kLcj3bZx5I8u5rvcw==;11/09/2025 12:08;682;Maple Bear Araguari - Miranda I;Operando;Potente;Joao Felipe Gutierrez de Freitas;43995614000163;Rua Amélia Araújo;Sibipiruna;38445098;Araguari;MG;Sudeste;3432415920;GERENCIAADMINISTRATIVA@IMEPAC.EDU.BR
4b16a141-fb95-ee11-be37-000d3a889d88;FgKAsSJRZF8Uu4IRZlRJM1P/07SzXTKlE4p76jpQcP8G//iG+0a9kNx3EZHvaY8lAdaCo41g9HZNlFWvjuLJTA==;01/09/2025 08:13;42;Maple Bear Belém - Reduto I;Operando;Desenvolvimento;TATIANE BARBOSA DOS SANTOS XAVIER;19906531000176;Travessa Benjamim Constant;Reduto;66053040;Belém;PA;Norte;9193132818;belem@maplebear.com.br
6716a141-fb95-ee11-be37-000d3a889d88;gWhZoavBAfzfHxQ5gvjV1fTqL/uWHz9KHFzMtJhibMDxw3Vdn/Rd5iiJlmjh+4Bk5Ac+KsTo5lPLDAnQbC5iyg==;12/09/2025 18:53;10;Maple Bear Camaçari - Busca Vida I ;Operando;Desenvolvimento;RAFHAEL NAZEAZENO PEREIRA;15179690001641;Rodovia BA-099;Catu de Abrantes (Abrantes);42825001;Camaçari;BA;Nordeste;7133405413;coordenacao.salvador@maplebear.com.br
8316a141-fb95-ee11-be37-000d3a889d88;GCeQPac2zA+gq1mnIQGkSd6EJMPCapKC1+qIsyg5aIYv3mg3fXy3KkSPeHTejF8JmQxY2cZk/RS9KD8knWdovA==;01/09/2025 08:13;490;Maple Bear Florianópolis - Ilha I;Operando;Desenvolvimento;TATIANE BARBOSA DOS SANTOS XAVIER;38095405000123;Avenida Mauro Ramos;Centro;88020302;Florianópolis;SC;Sul;1199972884;adm.floripailha@maplebear.com.br
9f16a141-fb95-ee11-be37-000d3a889d88;WljAJPGIBk1/oD4abpKrovla8tbrS9EmPyOZLhiL2KgG4cfHbGKFlqx99mIbCfFaodzCu1GtaBidWH4CvDkJcQ==;01/09/2025 08:14;258;Maple Bear Formosa - Jardim Califórnia I;Operando;Potente;Joao Felipe Gutierrez de Freitas;37886996000194;Avenida Circular;Jardim Califórnia;73813170;Formosa;GO;Centro-Oeste;;secretaria.formosa@maplebear.com.br
bc16a141-fb95-ee11-be37-000d3a889d88;MfOT624IpJsvqdf4b//G0R8ldiwW31Ff4emo+0owt32WDxZxOJCGNNlyG+uyYIYKavgJGl6eA4Nqvo0E4brYbQ==;01/09/2025 08:14;119;Maple Bear São Paulo - Granja Julieta I;Operando;Potente;Joao Felipe Gutierrez de Freitas;11413825000405;Rua Granja Julieta;Granja Julieta;04721060;São Paulo;SP;Sudeste;1121480150;granjajulieta@maplebear.com.br
d816a141-fb95-ee11-be37-000d3a889d88;l73YDgsLEn38qVJLNfXHxc/9YTNGJM04BWB0xTcF6CnFHmXm1jR5LVGMIWbgiOc7yC/IvaiqUAjPdDXKzQ+GWA==;01/09/2025 14:27;129;Maple Bear São Paulo - Santana I;Operando;Potente;Joao Felipe Gutierrez de Freitas;18361813000172;Rua Condessa Siciliano;Jardim São Paulo(Zona Norte);02044050;São Paulo;SP;Sudeste;1146373232;direcao.santana@maplebear.com.br
f416a141-fb95-ee11-be37-000d3a889d88;yL8adBl8xB+q/maEAzHbrKYMpWDro6GW6fmUznnBalj4cwy1nDNGckzahdFsDZ3Z9xp4ao2oiqM61/semco2Ng==;11/08/2025 18:12;123;Maple Bear São Paulo - Mooca I;Operando;Alerta;INGRID VANIA MAZZEI DE OLIVEIRA;18881087000119;Rua Coronel Joviniano Brandão;Vila Prudente;03127175;São Paulo;SP;Sudeste;1138812327;mooca.unidade1@maplebear.com.br
b8e1af60-c896-ee11-be37-000d3a889d88;oWAAy35NGwV0oBhRf0ZNQgUCKg1OOpdBOehFylanXaf4MBpDg8baM9br5lHDphzsW3MzNLVrwUwE+EMdyUnULw==;01/09/2025 08:14;701;Maple Bear Santos - Campo Grande;Operando;Desenvolvimento;TATIANE BARBOSA DOS SANTOS XAVIER;49756061000172;Rua Amazonas;Campo Grande;11075420;Santos;SP;Sudeste;1333856008;geiry.amaral@maplebear.com.br
1612245d-ca96-ee11-be37-000d3a889d88;5M1ParXEdzhP5/Zq4k/28Ac0c7B7tmWD7zsVtrs2jew9SibGjpeACD6y7on7XgW6VIk7QGGHu8MNM9cfG4YBhA==;01/09/2025 08:14;282;Maple Bear Rio De Janeiro - Botafogo II;Operando;Desenvolvimento;RAFHAEL NAZEAZENO PEREIRA;26480901000200;Rua Bambina;Botafogo;22251050;Rio De Janeiro;RJ;Sudeste;2131950168;botafogo@maplebear.com.br
f1b77eff-d296-ee11-be37-000d3a889d88;QFLs9iSYuQiw+VDkU5YTLWn134w7bRr80kgtsYr0wqTDDQ0gHeIs16d9oqcx+RF55ijDU/onIm2z3OFFX856pA==;01/09/2025 08:14;27;Maple Bear Belo Horizonte - Gutierrez I;Operando;Desenvolvimento;RAFHAEL NAZEAZENO PEREIRA;09211234000403;Rua Cônego Rocha Franco;Gutierrez;30441045;Belo Horizonte;MG;Sudeste;3132751111;belohorizonte@maplebear.com.br
70b6be0a-d496-ee11-be37-000d3a889d88;DWzVqyH+ZJCEo9yGFAYwO12vZffHC80yD4Z6mrvUVtUa9VDdmDKIMA9UbTihyBmUkuobiaKn3dTnLISwZruX3A==;01/09/2025 08:14;46;Maple Bear Recife - Aflitos I;Operando;Alerta;INGRID VANIA MAZZEI DE OLIVEIRA;12588034000390;Avenida Conselheiro Rosa E Silva;Espinheiro;52020220;Recife;PE;Nordeste;8134278800;recife@maplebear.com.br
0a15f169-c696-ee11-be37-000d3a88f98e;vcGBaAFLU2ZCGNYaye0rojU/LgLNU/3McHsmku9UVY3AKUbh9+Tl/RISx0S8HPaEgWnyrnqXMbdfy2Hd5S8qow==;01/09/2025 08:14;62;Maple Bear Rio De Janeiro - Recreio Dos Bandeirantes;Operando;Potente;Joao Felipe Gutierrez de Freitas;26959557000148;Rua Doutor Crespo;Recreio Dos Bandeirantes;22790670;Rio De Janeiro;RJ;Sudeste;2122405411;
d81f8c25-6997-ee11-be37-000d3a88f98e;sGejOxQEZI6Rg1L1cZPEC7fCHDMg9MEY68mA8RDp/kzhLG+ySF4LauJM8Sl7E3zwuoK0uuV1vBFAUS7dC8dw0g==;30/06/2025 12:32;751;Maple Bear Contagem - Três Barras II;Operando;Potente;Joao Felipe Gutierrez de Freitas;33908214000209;Rua Zaqueu;Três Barras;32041180;Contagem;MG;Sudeste;3196811207;DANIELLE@ACCOUNTASSESSORIA.COM.BR
5515e382-8cf3-ee11-a1fd-000d3a88fd4c;jRKnL/zmDBCs6mEwNXkx80wnVABBjfQJC+J4auCsb58HcoB1w9+ZuBOOtXC4aGzqDRzpOGYTGfgxmw13cS2P4A==;24/08/2025 16:16;669;Maple Bear Brasília - Asa Norte;Operando;Desenvolvimento;TATIANE BARBOSA DOS SANTOS XAVIER;47259678000238;SGAN 916;Asa Norte;70790160;Brasília;DF;Centro-Oeste;1639603944;raquel.nazario@asanorte.maplebear.com.br
2f110ca9-8ff3-ee11-a1fd-000d3a88fd4c;w6LYYvt0i3cq4JbM+DuABMKTALDF6RubA3KM+8C+HCjy5O5uXcYMJ+nL6zcg8AAItv1Mm2QWsPde5tlVPmqkQg==;01/09/2025 08:14;769;Maple Bear Cabo Frio - Palmeiras;Operando;Implantação;TATIANE BARBOSA DOS SANTOS XAVIER;52366636000155;Rua Paulo Burle;Palmeiras;28911280;Cabo Frio;RJ;Sudeste;2196412644;BIANCARDIR@GMAIL.COM
3238fcff-28f8-ee11-a1fe-000d3a88fd4c;j7Nm9KjT5T78nd3kEaqYkWR8SF4U0iaRpae2DvMzN12og4stMQWYGAd4LYgX03DFWAHAz0s9Gf+/TpZRuz91JA==;10/07/2025 19:35;286;Maple Bear São Paulo - Jardins II;Operando;Desenvolvimento;RAFHAEL NAZEAZENO PEREIRA;31870109000103;Rua Coronel Paulino Carlos;Paraíso;04006040;São Paulo;SP;Sudeste;1198162255;guilherme@maplebearjardins.com.br
9b741a3c-2cf8-ee11-a1fe-000d3a88fd4c;fScWvlEARn9Sl513MC9XzAcu+/IcWG5CedqHOit7c96dOGlqwTSm99IifGVsBzxGLlPZob6A2Wn4g7pj3Hvt4w==;01/09/2025 08:14;125;Maple Bear São Paulo - Morumbi Paineiras I;Operando;Desenvolvimento;RAFHAEL NAZEAZENO PEREIRA;30469108000199;Praça Lions Clube-Morumbi;Morumbi;05650010;São Paulo;SP;Sudeste;1196917977;Deborah.mello@maplebear.com.br
343cb941-2ef8-ee11-a1fe-000d3a88fd4c;IFYeDO6OmjoezKkrBd0huOqxJaUbwpbtvYb9EN2UOaQCeTP+ZLKuX8Kk/03lIN6MWD3F6sLJPTkj2FUOzn84nw==;01/09/2025 08:14;633;Maple Bear Goiânia - Plateau D'Or;Operando;Alta Performance;INGRID VANIA MAZZEI DE OLIVEIRA;11436205000483;Rua Amedeo Modigliani;Parque Cidade;74888118;Goiânia;GO;Centro-Oeste;6236260768;mariana.siqueira@maplebeargoiania.com.br
53334b35-43f8-ee11-a1fe-000d3a88fd4c;CsG51zqnjkm2ckgC2O5wwno8GIVjnVNuQi3sH2yz5PqDDO8jbDq5Dv8u0Wl/a1aoDQYC3gf6n33pHp4RFKu1MA==;01/09/2025 08:14;808;Maple Bear Boa Viagem;Operando;Implantação;TATIANE BARBOSA DOS SANTOS XAVIER;12588034000551;Rua Tenente João Cícero;Boa Viagem;51020190;Recife;PE;Nordeste;8134278859;CONTATO@REMCONSULT.COM.BR
90955f23-44f8-ee11-a1fe-000d3a88fd4c;DsxJHkQz4UMHo8xU7vP0zJi08Se/Ely1km90KPmflJ9F3QyqATcxwT5shxhWGdo/60neAKigYC7s2QeehWrRSQ==;01/09/2025 08:15;809;Maple Bear Bento Gonçalves;Operando;Implantação;TATIANE BARBOSA DOS SANTOS XAVIER;40171482000167;Alameda Fenavinho;Fenavinho;95703364;Bento Gonçalves;RS;Sul;5432256306;IVYSON@CONSTRUFARE.COM.BR
991bf1aa-45f4-ef11-be20-000d3a9d8585;nFkKvoQJdd0dpRaukPjPhbsUqXZM8cRog3huNGmb51FsvxFywRztxCF/lC02VJsojZjfzBpwEvv+WIKWwER4zQ==;12/09/2025 18:41;869;Maple Bear São Paulo - Morumbi Paineiras II (Clube);Operando;Desenvolvimento;RAFHAEL NAZEAZENO PEREIRA;48708633000185;Avenida Doutor Alberto Penteado;Jardim Sílvia (Zona Oeste);05678000;São Paulo;SP;Sudeste;1137747276;FINANCEIRO.MORUMBI@MAPLEBEAR.COM.BR
915e09f3-6c5a-ef11-bfe2-000d3ac03d6c;C8LkOIAQtl9QGbATOA25mBKouWZ1ECoYZtankhBnbXzVZB/U+cdQr1iARDsJOoyKVpxQo/2VtHnv+B7tW+BK0A==;15/08/2025 16:32;860;Maple Bear Valinhos - Joapiranga II;Operando;Potente;Joao Felipe Gutierrez de Freitas;13190959000189;Alameda Itahim;Joapiranga;13278510;Valinhos;SP;Sudeste;1938713545;contato@maplebearvalinhos.com.br
41dc5773-8bf3-ee11-a1fd-00224838374c;SlBx3mE4SsbFJH/7NUBgtArV3Zr95IJMG2V698UVhyzNz6GcaC+nXNBC7h1R5pfDR+dmpXOQqfOYGmRkwvLOKg==;01/09/2025 08:15;23;Maple Bear Goiânia - Alphaville;Operando;Alta Performance;INGRID VANIA MAZZEI DE OLIVEIRA;11436205000130;Rua Aurilândia;Residencial Alphaville Flamboyant;74884549;Goiânia;GO;Centro-Oeste;6232460776;monicasiqueira@maplebear.com.br
6f77b563-94f3-ee11-a1fd-00224838374c;ssrCoDcVgNTX2VckifwF5bQORO3CFGAzCvXpRAEyP8D9RFC2FR1G5pJe2cxL8bYbr/O0P8FhmYENemNEtjA6yg==;11/09/2025 12:43;672;Maple Bear Brasília - Sudoeste;Operando;Desenvolvimento;TATIANE BARBOSA DOS SANTOS XAVIER;47259678000157;Quadra Eqsw 303 304;Setor Sudoeste;70673350;Brasília;DF;Centro-Oeste;1639603944;LINHARES@SEBSA.COM.BR
b7914439-96f3-ee11-a1fd-00224838374c;7WoXWJMPKueEDVr8i9uwmdZ1oKyWTn3lJLjAj5TtcFaR1JzZbG/t6K0XZON/iyxEu5SW5ABSxY++TXw2GEkHIg==;01/09/2025 08:15;796;Maple Bear Guarapuava;Operando;Implantação;TATIANE BARBOSA DOS SANTOS XAVIER;52596014000113;Avenida dos Lagos;Cidade dos Lagos;85051035;Guarapuava;PR;Sul;4299773506;JEANFELDE@UOL.COM.BR
d7b22e93-98f3-ee11-a1fd-00224838374c;wbfe08US4zi+HwzUjyR5gQjK0MD6Pwtj1xbhHluxN5IA4OzyzJyJmEmMQXASu/LqXax26XJ/ww3vntK+TaIADw==;15/09/2025 14:51;760;Maple Bear Niterói - Santa Rosa;Operando;Desenvolvimento;RAFHAEL NAZEAZENO PEREIRA;31028034000207;Rua Doutor Sardinha;Santa Rosa;24240660;Niterói;RJ;Sudeste;2183205553;LEGAL@MATTACONTABIL.COM.BR
563869aa-9df3-ee11-a1fd-00224838374c;c0i+0hnOwuI4Sg2AdJeopX5PEnZjFR747sZFhxWj49GS69geG5VMhdpdMpNzVcGOfq9GCmjlk1XYOUxnVu3uqg==;01/09/2025 08:15;39;Maple Bear Cuiabá - Ribeirão Do Lipa;Operando;Alerta;INGRID VANIA MAZZEI DE OLIVEIRA;14480169000109;Rodovia Arquiteto Hélder Cândia;Ribeirão do Lipa;78048150;Cuiabá;MT;Centro-Oeste;6599981101;cuiaba@maplebear.com.br
4491cf06-9ff3-ee11-a1fd-00224838374c;5/+l6QXNY/jxCSoGlzorTY2ZQ4oe2ukAqreOBoI1KJK+CG+Sdv8+9XJGjjqliEXMJYE2nVg77EFrMGZkRl2quQ==;01/09/2025 08:15;725;Maple Bear Cuiabá - Jardim Itália;Operando;Alta Performance;INGRID VANIA MAZZEI DE OLIVEIRA;51133286000114;Rua Roma;Jardim Itália;78060748;Cuiabá;MT;Centro-Oeste;6932161515;PORTOVELHO@MAPLEBEAR.COM.BR
23b9a880-e10e-ef11-9f89-002248dee67f;1ieMX0ACWbC4/zvEEhFam7aPdhZsRMqmYMWbfQ0hML/YrxSGeAZ/ZqfngMY94ppiADDULX6iMlOtltLVcIRdFg==;16/09/2025 15:01;842;Maple Bear Campo Grande - Chácara Cachoeira II;Operando;Potente;Joao Felipe Gutierrez de Freitas;52171947000169;Avenida Rodolfo José Pinho;Jardim Bela Vista;79003068;Campo Grande;MS;Centro-Oeste;1333856008;PROCESSOS@ATSOLUCOES.COM.BR
473a3d42-4ef8-ee11-a1fe-002248df22f1;Phlcm2cNKgUfOwSt/PLCAs6mni54knMsMJBe6sMTUWgU9+hxlTQu/u1+5eHYPdn+1PemkyRlODpPowGDF3PD6g==;10/07/2025 19:35;845;Maple Bear São Vicente;Operando;Implantação;TATIANE BARBOSA DOS SANTOS XAVIER;54750881000197;Avenida Manoel da Nóbrega;Itararé;11320200;São Vicente;SP;Sudeste;1332785900;secretaria@adefcontabilidade.com.br
a05281b1-9cf3-ee11-a1fd-6045bd3b01f2;NJhy377sURnYs23ZvoesBkuimyCTl0FMnfRikGBkvWUa8TfxJDAG6tagDrPn9emtn/cSISmef1lBOiq/5L9R2g==;01/09/2025 08:15;763;Maple Bear Florianópolis Norte;Operando;Desenvolvimento;TATIANE BARBOSA DOS SANTOS XAVIER;41683683000106;Avenida Luiz Boiteux Piazza;CANASVIEIRAS;88056000;Florianópolis;SC;Sul;4888611646;FINANCEIRO.FLORIPAILHA@MAPLEBEAR.COM.BR
d992d160-3771-ef11-a670-6045bd3c0a31;N678mIeFlnFg2SpwDXfL3XosGmX3WoH/g5HOpolu4l73XnDMxECBYNwI91SZHOT1a1aiPcv2Cpi3zgr0c9U9Fg==;01/09/2025 08:15;862;Maple Bear Itu;Operando;Desenvolvimento;TATIANE BARBOSA DOS SANTOS XAVIER;17836649000220;Avenida Wolko Orni Yedlin;Jardim Paraíso II;13304360;Itu;SP;Sudeste;1145867606;SECRETARIA@MAPLEBEARJDI.COM.BR
75242353-1871-ef11-a670-6045bd3c875b;4uck/XYXMkc3jmZG52Sg1s9qqmoC3Nci9Pa/uTs26jW4I9mGA5qRUDOUDYTJXZd1A0B/09vt25NywtON1xTx/Q==;01/09/2025 08:15;861;Maple Bear Mogiana - Mogi Mirim - Mogi Guaçu;Operando;Desenvolvimento;RAFHAEL NAZEAZENO PEREIRA;53303242000110;Rua Orlando Nora;Residencial do Bosque;13808362;Mogi Mirim;SP;Sudeste;1938154095;ATENDIMENTO@MAPLEBEARMOGIANA.COM.BR
6dadba98-a34b-f011-877a-6045bda98ba1;QXDN0B0jHv845OdqwBqmezV3pkF4Ov2dmYdrYWyrHfz3wkgb64vX0ZhRu4ujBQ5Fn9b4mwRlDFAobspK6qHtqQ==;22/08/2025 12:42;874;Maple Bear São Paulo - Parque dos Príncipes I;Operando;Potente;Joao Felipe Gutierrez de Freitas;29163572000173;Avenida Padre Tiago Alberione;Parque dos Príncipes;05396070;São Paulo;SP;Sudeste;1137836220;parquedosprincipes@maplebear.com.br
d5816828-b831-f011-8c4e-6045bda98ba1;r9C8ljz65FwNgkTXpKRdH6pJ8p0SdNLEM3lqJMl25tXoMNexcuF+i2fQK6iDSH8x1IGP8SsGt31T5mL5kbiXtA==;27/08/2025 12:55;870;Maple Bear Sinop - Recanto Suíço II;Operando;Alta Performance;;43670213000133;Rua Oslo;Residencial Recanto Suíço;78555627;Sinop;MT;Centro-Oeste;6699611529;sinop@maplebear.com.br
9b996f47-ab79-ef11-a671-6045bdd533aa;LdgyRhIp5cRADBciT1fjUklm/4ntNwF+lluAyWRhjjBnKj19wZEp+adsji7Vi53oWHbZ5vaiL5Zb34u5Q7xedQ==;01/09/2025 08:16;101;Maple Bear Piracicaba - Vila Rezende I;Operando;Potente;Joao Felipe Gutierrez de Freitas;24965593000199;Avenida Dona Francisca;Vila Rezende;13405259;Piracicaba;SP;Sudeste;1933718100;secretaria.piracicaba@maplebear.com.br
3c0f380a-d879-f011-b4cb-6045bdf0ba61;tAjQhGoLWpyDDZ/PzAO0dhXnxYxJZDlw8YmBBl7j8gdNzWaVfXl7rXw4hYGwJ78DhrIesv2zDJ2BVKCc3RcUiA==;01/09/2025 08:16;877;Maple Bear Rio de Janeiro - Freguesia I;Operando;Potente;Joao Felipe Gutierrez de Freitas;23110333000179;Estrada do Quitite;Jacarepaguá;22753790;Rio de Janeiro;RJ;Sudeste;2124257690;freguesia@maplebear.com.br
39e994ec-655b-f011-bec1-6045bdf0ba61;rnp2kvwau1LZEtf1YHCqpo/qTVfaL2umm7nGi4hjLdWSpLmd7L+77WZ+7O5muHXBddc5P0gCuASoW3jMzyIoew==;01/09/2025 08:16;875;Maple Bear Marabá - Belo Horizonte I;Operando;Implantação;TATIANE BARBOSA DOS SANTOS XAVIER;55555235000131;Rua João Pessoas;Belo Horizonte;68503200;Marabá;PA;Norte;9430182223;JUNIORATENAS2011@GMAIL.COM
7775b6be-8935-f011-8c4e-7c1e520a1212;SNEJVDR3lE8vfNKrSJdvbbFTgxxQgzMnRGYbrVbiqxm9Gjojqj8dlwklLpfkVxXYD2X8K1BbsYDJWttZqCgTTQ==;30/06/2025 20:08;871;Maple Bear Catanduva - Centro I;Operando;Potente;Joao Felipe Gutierrez de Freitas;58565331000159;Rua Cuiabá;Centro;15800220;Catanduva;SP;Sudeste;1730412992;catanduva@maplebear.com.br
19b0d5c4-ddf2-ef11-be20-7c1e520a1212;IXbqPdlpa9cbBXyWdtto8cRRWTbw8sYI1t0obZCTstAPJjMsmWW099fQqJKzMx4HiDpUCxL4MPNKLGGusl3kjg==;15/09/2025 21:08;867;Maple Bear Curitiba - Batel;Operando;Desenvolvimento;RAFHAEL NAZEAZENO PEREIRA;39504794000166;Avenida Silva Jardim;Seminário;80240021;Curitiba;PR;Sudeste;1333577162;curitibamaplebear@gmail.com
e6edc328-e379-ef11-a671-7c1e521a1969;sOdS+CIjR0icqwWeY5haLkZ3gX8vJMAtyVXr6fmDCaNR+cwhKOLNEFCJsB/qOHa9s2L36PdqSZIbR+gntLpY4Q==;30/06/2025 20:07;864;Maple Bear Vila Velha - Praia Da Costa I;Operando;Desenvolvimento;TATIANE BARBOSA DOS SANTOS XAVIER;29376862000103;Rua Dom Jorge de Menezes;Praia da Costa;29101025;Vila Velha;ES;Sudeste;2730771009;vilavelha@maplebear.com.br
982199ac-e5f2-ef11-be20-7c1e521b69a1;wGZXci4xSV+gpiCIvowuOmPmiQU2PG5a9NxiFIQNS5ChogtsagUNOumX4xUWBodP7jUz9CHvPyBRDk2tZhPI3g==;01/09/2025 08:16;868;Maple Bear Rio das Ostras - Alphaville;Operando;Desenvolvimento;RAFHAEL NAZEAZENO PEREIRA;58114512000169;Avenida Ásia;Alphaville;28898336;Rio das Ostras;RJ;Sudeste;2222194155;FINANCEIRO@MBRIODASOSTRAS.COM.BR
e39e18ec-e767-f011-bec2-7c1e52593f34;2z404230mvPcLaMoUWnmoH9yHCLOTxNv4DmDkdnY5qBPgwuLvZewCA6oO7lW4ZU0jga1dj9Z19Iz/mrIBP13Xw==;25/07/2025 10:39;876;Maple Bear Campina Grande - Mirante I;Operando;Desenvolvimento;TATIANE BARBOSA DOS SANTOS XAVIER;37258321000109;Rua Jovino Nepomuceno;Mirante;58407560;Campina Grande;PB;Nordeste;8330668829;campinagrande@maplebear.com.br
73a20965-4787-f011-b4cb-7c1e525b4041;CjH+lvNf3um+faXBmQhGb0XpcimFXXgl757V7fyAszz7doG5bauF/TxpHP6NrGo5dBI8BwuuF5iULEHERfPOfA==;01/09/2025 15:34;;Maple Bear Guaruja - Pitangueiras II;Operando;;TATIANE BARBOSA DOS SANTOS XAVIER;31663914000247;Avenida Arthur Costa Filho;Pitangueiras;11410080;Guarujá;SP;Sudeste;1333716515;FINANCEIRO.GUARUJA@MAPLEBEAR.COM.BR
