Grupo economico;Mensagem enviada? ;Cluster 2024;Vendas SLM 2023;Vendas SLM 24;Meta 2024;Gap;% Atingimento Meta;Vendas Plano 5K;Usa CRM ?;Total de Leads 90 dias;Habilitação Voucher;INADIMPLÊNCIA FDMP;INADIMPLÊNCIA ROY;Turmas usando Portifólio com familia;Número de Planejamentos;Meta formalizada?;Direito a voucher?;Motivo ;OBS ATIVO ;Observações;Quantidade de vouchers;Código do voucher ;Voucher enviado ;De acordo?;Atualizado CRM? ;Kit de Rematrícula;Observação Kit 
MAPLE BEAR BRASÍLIA ASA  NORTE;;Alta Performance;?;509;?;;;20;NÃO USA CRM;;5%;;;;71;;Sim;FDMP/Roy/Portifólio;Validar mais uma ve com yndi, e contatar dizzendo por coonta dos problemas, os vouchers estão retidos;AS DIVIDAS DE 2023 FORAM PERDOADAS. DÍVIDAS DE 2024 ESTÃO EM NEGOCIAÇÃO. PORTANTO, FALAR COM A ESCOLA SOMENTE SOBRE A UTILIZAÇÃO DE PORTIFÓLIO/VOUCHERS LIBERADOS;Sim;MBDF2025116;Sim;Sim;Sim;;
MAPLE BEAR CAMPINAS - HÍPICA;;Potente;73;59;93;34;63,54%;1;NÃO USA CRM;60;3%;;;;17;125;Sim;Portifólio;decisão Ana ok;DEVIDO A SITUAÇÃO COM CAMPINAS TAQUARAL, ALINHEI COM RAMIRES DE LIBERAR OS VOUCHERS DESSA ESCOLA;13;MBSP2025302;Sim;;;;
MAPLE BEAR GOIÂNIA - MARISTA/ALPHAVILLE/PLATEUDOR;;Alta Performance;1498;1585;1793;208;88,38%;40;NÃO USA CRM;401;5%;;;;136;;Sim;Portifólio;;LIBERAR VOUCHERS, FIRMANDO COMPROMISSO DE UTILIZAÇÃO DA TODDLE;79;MBGO2025103;Sim ;;;;
MAPLE BEAR SÃO LUIS - JARDIM RENASCENÇA;ok;Alta Performance;881;952;845;-107;112,69%;9;NÃO USA CRM;68;5%;;;;14;;Sim;Portifólio;Ingrid (owner) pediu para que eu entrasse em contato com a diretora Natalia. Ao falar com Natalia, ela informou que precisa consultar o time pedagógico para nos dar retorno sobre a previsão para implantação. Após isso recebi o contato da Carla e expliquei a elas que elas precisam habilitar os comentários dos pais nas posagens. Natalia está verificando a possibilidade de habilitar ; VOUCHERS LIBERADOS, FIRMANDO COMPROMISSO DE UTILIZAÇÃO DA TODDLE;48;MBMA2025140;Sim;Sim;Sim;;
MAPLE BEAR PORTO VELHO - OLARIA;;Alta Performance;937;884;956;72;92,47%;14;NÃO USA CRM;226;5%;;;;60;;Sim;Portifólio;;VOUCHERS LIBERARADOS, FIRMANDO COMPROMISSO DE UTILIZAÇÃO DA TODDLE;44;MBRO2025101;Sim;;Sim;;
MAPLE BEAR SÃO PAULO - CHÁCARA KLABIN;ok;Alta Performance;809;801;759;-42;105,50%;2;NÃO USA CRM;162;5%;;;;7;;Sim;Portifólio;Validar mais uma ve com yndi, e contatar dizzendo por coonta dos problemas, os vouchers estão retidos;HAVIA UMA PENDÊNCIA QUE FOI REGULARIZADA;40; ;Sim;N/A;Sim;;
MAPLE BEAR SÃO PAULO - TATUAPÉ;;Desenvolvimento;773;781;326;-449;237,85%;1;NÃO USA CRM;218;5%;;;;33;;Sim;Portifólio;;VOUCHERS LIBERADOS, FIRMANDO COMPROMISSO DE UTILIZAÇÃO DA TODDLE;39;MBSP2025205;Sim;Sim;Sim;;
MAPLE BEAR RECIFE - AFLITOS;Sem numero ;Desenvolvimento;701;743;737;-6;100,84%;10;NÃO USA CRM;220;5%;;;;40;;Sim;Portifólio;Sobre pencência financeira: 27/08/2024 - Acordo feito em 10x, com primeiro pagamento em 31/08 (CRM). Tratativa de vouchers feita com o diretor financeiro da unidade + Ana Flavia de tecnologia conforme solicitado pelo owner Daniel.;VOUCHERS LIBERADOS E ESCOLA CIENTE DE HABILITAR FUNCIONALIDADE DE CURTIDA PARA OS PAIS;37;MBPE2025100;Sim;Sim;Sim;;
MAPLE BEAR MACEIÓ - JATIÚCA;;Alta Performance;687;730;755;25;96,64%;4;NÃO USA CRM;134;5%;;;41;;;Sim ;;;;37;MBAL2025106;Sim ;;Sim;;
MAPLE BEAR JOÃO PESSOA - BESSA;;Alta Performance;592;595;612;17;97,16%;8;NÃO USA CRM;102;5%;;;28;;;Sim;;;ESSA ESCOLA  POSSUI EM SEU CONTRATO, UMA CLAUSULÁ QUE PERMITE 6% DE VOUCHERS (ALINHADO COM RODRIGO RAMIRES A VERIFICAR ABA JOÃO PESSOA BESSA);36;MBPB2025150;Sim ;;Sim;;
MAPLE BEAR SÃO PAULO - JARDINS;;Alta Performance;734;720;841;121;85,57%;6;USA CRM;103;5%;;;;21;;Não ;Portifólio;;LIBERAR VOUCHERS, FIRMANDO COMPROMISSO DE UTILIZAÇÃO DA TODDLE;36;MBSP2025105;;;;;
MAPLE BEAR BELÉM - REDUTO;Sem numero ;Alta Performance;610;616;613;-3;100,57%;3;NÃO USA CRM;235;5%;;;;33;;Não ;Portifólio;;LIBERAR VOUCHERS, FIRMANDO COMPROMISSO DE UTILIZAÇÃO DA TODDLE;31;MBPA2025109;;;;;
MAPLE BEAR NATAL - TIROL;ok;Alta Performance;632;592;652;60;90,82%;10;NÃO USA CRM;76;5%;;;;87;;Sim;Portifólio;;VOUCHERS LIBERADOS, FIRMANDO COMPROMISSO DE UTILIZAÇÃO DA TODDLE;30;MBRN2025107;Sim;Sim;Sim;;
MAPLE BEAR BELO HORIZONTE;;Alta Performance;668;597;646;68;89,51%;15;NÃO USA CRM;233;5%;;;;96;;Sim;Portifólio;;ALINHADO COM RAMIRES LIBERAR OS VOUCHERS DESSA ESCOLA DIANTE DA SITUAÇÃO APONTADA SOBRE A TODDLE. A PARTIR DE SETEMBRO, INVESTIGAREMOS AS SINALIZAÇÕES PARA DAR O RETORNO A OWNER;30;MBMG2025238;Sim;;Sim;;
MAPLE BEAR RIO DE JANEIRO - BARRA DA TIJUCA;ok;Alta Performance;588;573;587;14;97,64%;9;NÃO USA CRM;143;5%;SEM COBRANÇA;;;36;;Sim;Portifólio;Alinhado com Ramires, a liberação dos vouchers sem falar nesse momento sobre a Toddle. Essa escola está passando por renovação de contrato e não é interessante nesse momento tratar sobre o portifólio.;VOUCHERS LIBERADOS;29;MBRJ2025120;Sim;N/A;Sim;;
MAPLE BEAR PALMAS - PLANO DIRETOR SUL;ok;Alerta;539;550;538;-12;102,31%;7;NÃO USA CRM;196;5%;;;;56;;Sim;Portifólio;Felipe vai conversar com seu time acadêmico para alinhar a expectativa de implantação do uso de portifólio ;LIBERAR VOUCHERS, FIRMANDO COMPROMISSO DE UTILIZAÇÃO DA TODDLE;28;MBTO2025112;Sim;Sim;Sim;;
MAPLE BEAR SALVADOR - PITUBA;;Potente;530;541;506;-35;106,99%;4;NÃO USA CRM;338;5%;;;;16;;Sim;Portifólio;;LIBERADOS OS  VOUCHERS, FIRMANDO COMPROMISSO DE UTILIZAÇÃO DA TODDLE (EM 2 MESES);27;MBBA2025113;Sim ;Sim;Sim;;
MAPLE BEAR BRASÍLIA SUDOESTE;;Alta Performance;?;511;?;;;;;;5%;;;;52;;Sim;FDMP/Roy/Portifólio;;AS DIVIDAS DE 2023 FORAM PERDOADAS. DÍVIDAS DE 2024 ESTÃO EM NEGOCIAÇÃO. PORTANTO, FALAR COM A ESCOLA SOMENTE SOBRE A UTILIZAÇÃO DE PORTIFÓLIO. POR SER UMA ESCOLA PRÓPRIA, LIBEREI SEM ANTES RECEBER O DE ACORDO. ;26;MBDF2025117;Sim;Não;Sim;;
MAPLE BEAR ÁGUAS CLARAS - SUL;;Alerta;507;513;581;68;88,31%;6;NÃO USA CRM;285;5%;;;;32;;Sim;Portifólio;;VOUCHERS LIBERADOS, FIRMANDO COMPROMISSO DE UTILIZAÇÃO DA TODDLE ;26;MBDF2025114;Sim;Sim;Sim;;
MAPLE BEAR VALINHOS – JARDIM RIBEIRO;;Alta Performance;458;495;476;-19;103,96%;9;NÃO USA CRM;93;5%;;;;33;;Sim;Portifólio;;VOUCHERS LIBERADOS, FIRMANDO COMPROMISSO DE UTILIZAÇÃO DA TODDLE ;30;MBSP2025118;Sim;Sim;Sim;;
MAPLE BEAR ALPHAVILLE;;Alta Performance;501;508;502;-6;101,18%;3;NÃO USA CRM;119;5%;;;;41;;Sim;Portifólio;;VOUCHERS LIBERADOS, FIRMANDO COMPROMISSO DE UTILIZAÇÃO DA TODDLE ;25;MBSP2025115;Sim;Não;Sim;;
MAPLE BEAR ARACAJU - TREZE DE JULHO;ok;Desenvolvimento;468;493;499;6;98,73%;6;NÃO USA CRM;164;5%;;;;116;;Sim;Portifólio;;VOUCHERS LIBERARADOS, FIRMANDO COMPROMISSO DE UTILIZAÇÃO DA TODDLE;25;MBSE2025195;Sim;Sim;Sim;;
MAPLE BEAR RIBEIRÃO PRETO - BONFIM PAULISTA;;Potente;420;474;415;-59;114,30%;19;USA CRM;493;5%;;;16;;;Sim ;;;;24;MBSP2025121;Sim ;N/A;Sim;;
MAPLE BEAR FORTALEZA - JOSÉ DE ALENCAR;ok;Alerta;451;450;456;6;98,70%;2;NÃO USA CRM;293;5%;;;;95;;Sim;Portifólio;ALinhado com Claudia, aguardando de acordo;VOUCHERS LIBERADOS, FIRMANDO COMPROMISSO DE UTILIZAÇÃO DA TODDLE;23;MBCE2025119;Sim;Sim;Sim;;
MAPLE BEAR SANTOS - CAMPO GRANDE;;Potente;412;449;398;-51;112,79%;5;NÃO USA CRM;178;5%;;;;1;;Sim;Toddle;;VOUCHERS LIBERADOS, FIRMANDO COMPROMISSO DE UTILIZAÇÃO DA TODDLE ;22;MBSP2025122;Sim;Sim;Sim;;
MAPLE BEAR MACAÉ - VALE ENCANTADO;ok ;Desenvolvimento;488;448;492;44;91,14%;3;NÃO USA CRM;109;5%;;;;35;;Sim;Portifólio;;VOUCHERSLIBERADOS , FIRMANDO COMPROMISSO DE UTILIZAÇÃO DA TODDLE;22;MBRJ2025200;Sim;;;;
MAPLE BEAR INDAIATUBA - JARDIM ESPLANADA;;Alta Performance;401;412;447;35;92,07%;14;NÃO USA CRM;129;5%;;;13;;;Sim ;;;;21;MBSP2025123;Sim ;;Sim;;
MAPLE BEAR JUNDIAÍ;;Potente;384;398;347;-51;114,60%;5;NÃO USA CRM;143;5%;;;2;112;;Sim;;;LIBERADO VOUCHERS EM 06/08, POIS A ESCOLA COMEÇOU A UTILIZAR PORTIFÓLIO;20;MBSP2025310;Sim ;N/A;Sim;;
MAPLE BEAR MOGI DAS CRUZES - VILA OLIVEIRA;;Alta Performance;353;352;319;-33;110,36%;8;NÃO USA CRM;138;5%;;;;70;;Sim;Portifólio;Não recebemos o de acordo, mas o Ramires nos autorizou o envio dos vouchers mesmo assim. ;VOUCHERS LIBERADOS, FIRMANDO COMPROMISSO DE UTILIZAÇÃO DA TODDLE (LIBRADO SOB A QUANTIDADE DE 402 SLMS VENDIDOS - AUTORIZADO POR RAMIRES);20;MBSP2025129;Sim;N/A;Sim;;
MAPLE BEAR SÃO JOSÉ DO RIO PRETO;;Alerta;347;401;365;-36;109,80%;7;NÃO USA CRM;166;5%;;;;150;;Sim;Portifólio;;VOUCHERS LIBERADOS, FIRMANDO COMPROMISSO DE UTILIZAÇÃO INTEGRAL DA TODDLE;20;MBSP2025143;Sim;Não;Sim;;
MAPLE BEAR CAMPO GRANDE/ JD SÃO BENTO / CHACARA CACHOEIRA;;Potente;285;365;309;-51;116,33%;12;NÃO USA CRM;139;5%;;;2;;;Sim ;;;;18;MBMS2025139;Sim ;N/A;Sim;;
MAPLE BEAR TAUBATÉ - JARDIM DAS NAÇÕES;;Desenvolvimento;346;369;372;3;99,08%;6;USA CRM;213;5%;;;45;;;Sim ;;;;18;MBSP2025131;Sim ;N/A;Sim;;
MAPLE BEAR SÃO PAULO - VILA NOVA CONCEIÇÃO;ok ;Potente;386;355;491;136;72,25%;2;NÃO USA CRM;135;3%;;;;51;157;Sim;Portifólio;Se alinhado Toddle, liberar 5%;LIBERAR VOUCHERS A 5% FIRMANDO COMPROMISSO DE UTILIZAÇÃO DA TODDLE (PROBLEMAS COM A FORMALIZAÇÃO DE META DO GRUPO ECONOMICO);18;MBSP2025194;Sim;;;;
MAPLE BEAR SÃO PAULO - CANTAREIRA;ok;Alta Performance;286;345;296;-49;116,50%;4;NÃO USA CRM;143;5%;;;;33;;Sim;Portifólio;Havia uma pendência financeira que foi regularizada. ;LIBERADOS OS VOUCHERS SEM COMPROMISSO DE UTILIZAÇÃO DA TODDLE;17;MBSP2025138;Sim;N/A;Sim;;
MAPLE BEAR PIRACICABA - VILA REZENDE;ok;Potente;323;346;352;8;97,86%;9;NÃO USA CRM;102;5%;;;;31;;Não ;Portifólio;;LIBERAR VOUCHERS, FIRMANDO COMPROMISSO DE UTILIZAÇÃO DA TODDLE;17;MBSP2025133;;;;;
MAPLE BEAR RIO DE JANEIRO - BOTAFOGO;ok ;Desenvolvimento;338;346;373;27;92,84%;3;USA CRM;174;5%;;;;13;;Sim;Portifólio;Maria Isabel pediu para falar com Pamela. Pamela já ciente das informações. Está verificano com o time pedagógico qual a data de expectativa para a implantação do portifólio. Pamela retornou com a expectativa no dia 2/10;VOUCHERS LIBERADOS, FIRMANDO COMPROMISSO DE UTILIZAÇÃO DA TODDLE;17;MBRJ2025240;Sim;;;;
MAPLE BEAR CACHOEIRO DO ITAPEMIRIM - SÃO GERALDO;;Desenvolvimento;371;345;432;87;79,82%;2;NÃO USA CRM;45;3%;;;2;;404;Sim;;Libera 5%/ 19/08/2024 - Acordo feito para pagamento das parcelas em aberto em 3x, sendo o primeiro pagamento em 25/08 - OBRSERVAÇÃO DO CRM;GERAR VOUCHERS A 5% POIS APÓS ANALISE DO TIME FINANCEIRO, ESSA ESCOLA NÃO É OFENSORA EM INADIMPLENCIA. SERÃO GERADOS VOUCHERS A 5%, POIS A DIANTE DA META FORMALIZADA PARA A ESCOLA, O % DE ATINGIDO FOI 85% (REALIZADO ACORDO);17;MBES2025127;Sim ;N/A;Sim ;;
MAPLE BEAR VILA VELHA - PRAIA DA COSTA;Sem numero ;Alta Performance;272;320;305;-15;105,04%;2;NÃO USA CRM;174;5%;;;24;;;Sim;FDMP;Pendências finaneiras de 2023 foram perdoadas, e pendências financeiraas de 2024 feito acordo.;VOUCHERS LIBERADOS APÓS ACERTOS FINANCEIROS;16;MBES2025142;;;;;
MAPLE BEAR RIO DE JANEIRO - FREGUESIA;ok;Potente;290;319;313;-6;101,91%;5;USA CRM;131;5%;;;;8;;Não ;Portifólio;;LIBERAR VOUCHERS, FIRMANDO COMPROMISSO DE UTILIZAÇÃO DA TODDLE;16;MBRJ2025137;;;;;
MAPLE BEAR MARÍLIA - PARQUE DAS ESMERALDAS;;Desenvolvimento;319;329;359;30;91,71%;8;USA CRM;96;5%;NÃO;NÃO;2;16;;Sim;Roy;;GERAR VOUCHERS A 5% POIS APÓS ANALISE DO TIME FINANCEIRO, ACORDO PARA PAGAMENTO DE ROY FIRMADO;16;MBSP2025134;Sim;N/A;Sim;;
MAPLE BEAR CAMPOS DOS GOYTACAZES - CENTRO;ok;Potente;225;303;306;3;99,02%;2;NÃO USA CRM;190;5%;;;; ;;Não ;Portifólio;;LIBERAR VOUCHERS, FIRMANDO COMPROMISSO DE UTILIZAÇÃO DA TODDLE;15;MBRJ2025154;;;;;
MAPLE BEAR FLORIANÓPOLIS - ESTREITO/CONTINENTE;;Desenvolvimento;303;297;311;14;95,43%;3;NÃO USA CRM;98;5%;;;;71;317;Sim;Portifólio;Havia uma pendência que foi regularizada em 22/08;VOUCHERS LIBERADOS SEM FIRMAR O COMPROMISSO DE UTILIZAÇÃO DA TOODLE. DIENTE DA SITUAÇÃO OCORRIDA NA LIGAÇÃO, OS VOUCHERS FORAM LIBERADOS (COMUNIQUEI AO RAMIRES SOBRE);15;MBSC2025136;Sim;N/a;Sim;;
MAPLE BEAR SÃO PAULO - PANAMBY;;Potente;232;293;353;60;82,91%;4;NÃO USA CRM;106;5%;;;;21;;Não ;Portifólio;;LIBERAR VOUCHERS, FIRMANDO COMPROMISSO DE UTILIZAÇÃO DA TODDLE;15;MBSP2025148;;;;;
MAPLE BEAR SÃO PAULO - SANTANA;ok;Alta Performance;257;280;110;-170;255,27%;;NÃO USA CRM;121;5%;;;;10;;Sim;Portifólio;Havia uma pendência financeira que foi regularizada. ;LIBERADOS OS VOUCHERS SEM COMPROMISSO DE UTILIZAÇÃO DA TODDLE;14;MBSP2025236;Sim;N/A;Sim;;
MAPLE BEAR SÃO BERNARDO DO CAMPO - CENTRO;ok;Potente;250;271;235;-36;115,19%;2;NÃO USA CRM;163;5%;;;;39;;Sim;Portifólio;;VOUCHERS LIBERADOS, SEM O COMPROMISSO DE UTILIZAÇÃO DA TODDLE/OWNER RESISTENTE SOBRE A UTILIZAÇÃO - PASSADO AO RAMIRES E AUTORIZADO O ENVIO;14;MBSP2025146;Sim;N/A;Sim;;
MAPLE BEAR BAURU - VILA AVIAÇÃO;ok;Potente;261;278;275;-3;101,16%;2;NÃO USA CRM;83;5%;;;;25;;Sim;Portifólio;;LIBERAR VOUCHERS, FIRMANDO COMPROMISSO DE UTILIZAÇÃO DA TODDLE;14;Código antigo: MBSP2025144/ Código certo: MBSP2025203;Sim;Sim;Sim;;
MAPLE BEAR RIO DE JANEIRO - ILHA DO GOVERNADOR;;Desenvolvimento;272;289;334;45;86,45%;2;NÃO USA CRM;82;5%;;;;1;;Sim;Toddle;;VOUCHERS LIBERADOS. FALEI COM RODRIGO, DIRETOR DA ESCOLA E ALINHAMOS SOBRE A IMPLANTAÇÃO DA TODDLE;14;MBRJ2025141;Sim;;;;
MAPLE BEAR SÃO PAULO - GRANJA JULIETA;ok ;Stand by;249;275;626;351;43,90%;8;NÃO USA CRM;147;0%;;;;27;327;Não ;Portifólio/Não atingiu meta;Se alinhado Toddle, liberar 5%;LLIBERAR 5% DE VOUCHER, POIS DE ACORDO COM A META QUE FOI FORMALIZADA, A ESCOLA ATINGIU 85% DA META. LIBERAR  FIRMANDO COMPROMISSO DE UTILIZAÇÃO DA TODDLE;14;MBSP2025245;;;;;
MAPLE BEAR PETROLINA;;Implantação;3;262;70;-192;374,29%;2;NÃO USA CRM;83;5%;;;2;;;Sim ;;;;13;MBPE2025284;Sim ;N/A;Sim;;
MAPLE BEAR PRESIDENTE PRUDENTE - JARDIM CAMBUÍ;ok;Potente;214;263;226;-37;116,29%;17;NÃO USA CRM;48;5%;;;;10;;Não ;Portifólio;;LIBERAR VOUCHERS, FIRMANDO COMPROMISSO DE UTILIZAÇÃO DA TODDLE;13;MBSP2025158;;;;;
MAPLE BEAR FEIRA DE SANTANA;;Desenvolvimento;210;262;234;-28;111,88%;3;NÃO USA CRM;30;5%;;;;31;;Sim;Portifólio;;VOUCHERS LIBERADOS, FIRMANDO COMPROMISSO DE UTILIZAÇÃO DA TODDLE (OWNER ANNA SOUZA);13;MBBA2025162;Sim;;Sim;;
MAPLE BEAR NOVA IGUAÇU;ok;Potente;203;252;264;12;95,55%;6;NÃO USA CRM;408;5%;;;;28;;Sim;Portifólio;hENRIQUE resistente, diz que usa Classap, mas se colocou a disposição para entender mais sobre a toddle e como implantar em sua escola. ;VOUCHERS LIBERADOR , FIRMANDO COMPROMISSO PARA ANALISE DE UMA LINHA DO TEMPO PARA IMPLANTAÇÃO DA TODDLE;13;MBRJ2025163;Sim;Sim;Sim;;
MAPLE BEAR SÃO PAULO - ALTO DE PINHEIROS;;Stand by;276;266;297;31;89,68%;2;USA CRM;153;5%;;;;52;;Sim;FDMP/Portifólio;Vinicius fez negociação com a escola em 30/08 ;GERAR VOUCHERS A 5% POIS APÓS ANALISE DO TIME FINANCEIRO, ESSA ESCOLA NÃO É OFENSORA EM INADIMPLENCIA. OS VOUCHERS SERÃO CONCEDIDOS MEDIANTE COMPROMISSO DE UTILIZAÇÃO DA TODDLE;13;MBSP2025193;Sim;;;;
MAPLE BEAR SINOP - RECANTO SUÍÇO;;Alta Performance;225;253;295;42;85,80%;4;USA CRM;74;5%;;;18;;;Sim ;;;;13;MBMT2025153;Sim ;;Sim;;
MAPLE BEAR CATANDUVA - CENTRO;;Desenvolvimento;210;247;236;-11;104,56%;;NÃO USA CRM;55;5%;;;;16;;Sim;Portifólio;;VOUCHERS LIBERADOS, FIRMANDO COMPROMISSO DE UTILIZAÇÃO DA TODDLE ;12;MBSP2025183;Sim;Sim;Sim;;
MAPLE BEAR SÃO JOSÉ DOS CAMPOS - SERIMBURA;ok;Potente;211;234;234;0;100,10%;3;NÃO USA CRM;148;5%;;;;40;;Não ;Portifólio;Mayra vai falar com a equipe de coordenação para verificar o pq ainda não aderiam ;LIBERAR VOUCHERS, FIRMANDO COMPROMISSO DE UTILIZAÇÃO DA TODDLE;12;MBSP2025160;;;;;
MAPLE BEAR TERESINA - MORADA DO SOL;ok;Potente;226;231;243;12;95,14%;;NÃO USA CRM;31;5%;;;;35;;Sim ;Portifólio;;VOUCHERS LIBERADOS, FIRMANDO COMPROMISSO DE UTILIZAÇÃO DA TODDLE/CARMEM ESTAVA BEM RESISTENTE, NÃO NOS DEU O DE ACORDO NO E-MAIL;12;MBPI2025151;Sim;Não;Não;;
MAPLE BEAR SÃO PAULO - POMPÉIA;;Potente;221;240;254;14;94,53%;1;NÃO USA CRM;129;5%;;;;37;;Sim;Portifólio;;VOUCHERS LIBERADOS, FIRMANDO COMPROMISSO DE UTILIZAÇÃO DA TODDLE ;12;MBSP2025156;Sim;Sim;Sim;;
MAPLE BEAR SANTA BÁRBARA DO OESTE - JARDIM MOLLON;;Potente;215;211;242;31;87,20%;2;NÃO USA CRM;117;5%;;;;25;;Não ;Portifólio;;VOUCHERS LIBERADOS, FIRMANDO COMPROMISSO DE UTILIZAÇÃO DA TODDLE;12;MBSP2025157;;;;;
MAPLE BEAR NITERÓI - São Francisco/ Santa Rosa;;Alerta;143;228;255;-47;89,00%;5;NÃO USA CRM;121;5%;;;15;15;;Sim ;Unifiquei os dados com Santa Rosa ;;;11;MBRJ2025202;Sim ;N/A;Sim;;
MAPLE BEAR UBERABA;;Potente;179;227;216;-11;104,92%;3;NÃO USA CRM;120;5%;;;;17;;Sim;Portifólio;;LIBERAR VOUCHERS, FIRMANDO COMPROMISSO DE UTILIZAÇÃO DA TODDLE;11;MBMG2025174;Sim;Sim;Sim;;
MAPLE BEAR SÃO PAULO - GRANJA VIANA;ok;Alerta;249;215;220;5;97,67%;;NÃO USA CRM;75;5%;;;;66;;Sim;Portifólio;;VOUCHERS LIBERADOS, FIRMANDO COMPROMISSO DE UTILIZAÇÃO DA TODDLE;11;MBSP2025147;Sim;Sim;Sim;;
MAPLE BEAR MOGIANA RESIDENCIAL DO BOSQUE;;Potente;200;227;238;11;95,53%;11;NÃO USA CRM;115;5%;;;;26;;Sim;Portifólio;;VOUCHERS LIBERADOS,UTILIZAÇÃO LIBERADA SOMENTE PARA ALUNOS;11;MBSP2025166;Sim;Sim;Sim;;
MAPLE BEAR SÃO PAULO - JAGUARÉ/PARQUE DOS PRINCÍPES;;Alerta;184;210;220;10;95,28%;4;NÃO USA CRM;134;5%;;;;28;;Sim;Portifólio;;VOUCHERS LIBERADOS, FIRMANDO COMPROMISSO DE UTILIZAÇÃO DA TODDLE ;11;MBSP2025237;Sim;Sim;Sim;;
MAPLE BEAR RIO DE JANEIRO - RECREIO DOS BANDEIRANTES;ok;Alta Performance;227;223;247;24;90,21%;1;NÃO USA CRM;121;5%;;;;29;;Sim;Portifólio;Alinhado com Ramires, a liberação dos vouchers sem falar nesse momento sobre a Toddle. Essa escola está passando por renovação de contrato e não é interessante nesse momento tratar sobre o portifólio.;LIBERAR VOUCHERS, FIRMANDO COMPROMISSO DE UTILIZAÇÃO DA TODDLE;11;MBRJ2025152;Sim;N/A;Sim;;
MAPLE BEAR ATIBAIA - RESSACA;;Desenvolvimento;222;216;270;54;80,04%;2;NÃO USA CRM;45;5%;;;3;;;Sim;;;;11;MBSP2025155;Sim ;;Sim;;
MAPLE BEAR CAMPINAS - PARQUE TAQUARAL;;Stand by;171;195;177;-18;110,43%;5;NÃO USA CRM;243;5%;;;;16;;Não ;Portifólio;;NÃO CONTATAR;10;MBSP2025179;;;;;
MAPLE BEAR PONTA GROSSA - ESTRELA;ok;Potente;149;203;205;2;99,21%;;USA CRM;153;5%;;;;14;;Sim ;Portifólio;Owner informa que havia um planejamento na escola, com a utilização do planejamento no primeiro semestre, e a utilização do portifólio já estava prevista para o segundo semestre. ;LIBERAR VOUCHERS, FIRMANDO COMPROMISSO DE UTILIZAÇÃO DA TODDLE;10;MBPR2025197;Sim;;;;
MAPLE BEAR PAULÍNIA;;Potente;156;201;206;5;97,42%;8;NÃO USA CRM;96;5%;;;;18;;Sim;Portifólio;;DEVIDO A SITUAÇÃO DE CAMPINAS TAQUARAL, ESSA ESCOLA ESTÁ NOS AJUDANDO, ALINHEI COM RAMIRES DE CONCEDER OS VOUCHERS, SEM O COMPROMISSO DE UTILIZAÇÃO DO PORTIFÓLIO ;10;MBSP2025181;Sim;Sim;Sim;;
MAPLE BEAR LONDRINA - NIKKO;;Potente;196;195;212;17;91,89%;2;NÃO USA CRM;74;5%;;;;26;;Não ;Portifólio;Liberar om compromisso de Toddle , Londrina tenho acerto de Roy, não cobrar;GERAR VOUCHERS A 5% POIS APÓS ANALISE DO TIME FINANCEIRO, ESSA ESCOLA NÃO É OFENSORA EM INADIMPLENCIA. OS VOUCHERS SERÃO CONCEDIDOS MEDIANTE COMPROMISSO DE UTILIZAÇÃO DA TODDLE;10;MBPR2025169;Sim;;;;
MAPLE BEAR SÃO CAETANO DO SUL - SANTA PAULA;ok ;Alta Performance;175;197;215;18;91,66%;2;NÃO USA CRM;102;5%;;;;16;;Sim;Portifólio;Owner ressitente com a utilização do portifolio. Informa que precisa de treinamentos com a equipe antes de tomar qualquer decisão. Alinhei com Ramires disponibilizar os vouchers, e vamos acompanhando essa escola para programar o treinamento, e fazer todo o acompanhamento necessário. Ramires estará na escla em 02/09 e conversará com o Felipe. Liberados os vouchers do grupo economico. SA, SC E KLABIN;LIBERAR VOUCHERS, FIRMANDO COMPROMISSO DE UTILIZAÇÃO DA TODDLE;10;MBSP2025177;Sim;n/a;Sim;;
MAPLE BEAR RIO VERDE - SETOR CENTRAL;ok ;Desenvolvimento;199;201;235;34;85,52%;4;NÃO USA CRM;10;5%;;;;27;;Sim;Portifólio;;VOUCHERS LIBERADOS, FIRMANDO COMPROMISSO DE UTILIZAÇÃO DA TODDLE;10;MBGO2025167;Sim;Sim;Sim;;
MAPLE BEAR FRANCA - RESIDENCIAL PARAÍSO;;Potente;177;200;236;36;84,90%;10;NÃO USA CRM;87;5%;;;;25;;Sim;Portifólio;;VOUCHERS LIBERADOS, FIRMANDO COMPROMISSO DE UTILIZAÇÃO DA TODDLE ;10;MBSP2025176;Sim;Sim;Sim;;
MAPLE BEAR BOA VISTA - CAÇARI;;Alerta;207;195;239;44;81,59%;3;NÃO USA CRM;85;5%;;;;29;;Sim;Portifólio;Vouchers liberados. Owner resistente, aceitoou conhecer mais sobre a ferramenta. ;LIBERAR VOUCHERS, FIRMANDO COMPROMISSO DE UTILIZAÇÃO DA TODDLE;10;MBRR2025161;Sim;Sim;Sim;;
MAPLE BEAR FLORIANÓPOLIS - ILHA ;;Alerta;207;207;266;59;77,82%;5;USA CRM;204;3%;;;15;;;Sim;;;CONSIDERAR 5% POIS A META NÃO FOI FORMALIZADA PARA A ESCOLA (ALINHADO COM RAMIRES) ;10;MBSC2025159;Sim ;N/A;Sim;;
MAPLE BEAR SORRISO - RESIDENCIAL COPENHAGEN;;Desenvolvimento;194;181;257;76;70,53%;;NÃO USA CRM;20;3%;SIM;SIM;17;;235;Sim;FDMP/ROY;Sobre pencência financeira: 21/08/2024 - Relatório enviado e em análise pelo responsável financeiro da unidade. Havia uma pendência financeira e foi  feito acordo em 30/09.;;10;MBMT2025296;Sim;N/A;Sim;;
MAPLE BEAR CAMPINAS - PARQUE TAQUARAL;;Stand by;171;195;177;-18;110,43%;5;NÃO USA CRM;243;5%;;;;16;;Não ;Portifólio;;NÃO CONTATAR;10;MBSP2025179;;;;;
MAPLE BEAR SÃO PAULO - PACAEMBU;;Potente;202;184;149;-35;123,70%;;NÃO USA CRM;110;5%;;;20;;;Sim;;;;9;MBSP2025230;Sim ;N/A;Sim;;
MAPLE BEAR MANAUS - FLORES I;;Stand by;174;177;184;7;96,22%;4;NÃO USA CRM;210;5%;;;2;12;;Sim ;;;;9;MBAM2025215;Sim ;;Sim;;
MAPLE BEAR ANÁPOLIS - CITY;;Alerta;177;177;188;11;94,23%;1;NÃO USA CRM;93;5%;;;;13;;Sim;Portifólio;;VOUCHERS LIBERADOS, FIRMANDO COMPROMISSO DE UTILIZAÇÃO DA TODDLE ;9;MBGO2025172;Sim;Sim;Sim;;
MAPLE BEAR SÃO PAULO - VILA MASCOTE;ok ;Potente;178;178;200;22;89,14%;4;USA CRM;145;5%;;;;24;;Não ;Portifólio;Isabel está resistente, diz que a Toddle precisa ter as mesmas funcionalidades que  Tellme e que vai mudar apenas quando sentirse segura. Conta com o nosso apoio para conhecer mais sobre a ferramenta. ;VOUCHERS LIBERADOR, FIRMANDO COMPROMISSO DE CONHECIMENTO DA FERRAMENTA PARA INICIAR ESTUDO DE IMPLANTAÇÃO;9;MBSP2025173;Sim;;;Sim;Informa que achou o preço ''salgado'' Enviou alumas observações sobre a foto na loja B2B. Repassamos suas considerações ao Tiago. 
MAPLE BEAR GUARULHOS - CENTRO;;Alerta;169;170;194;24;87,80%;1;NÃO USA CRM;259;5%;;;19;;;Sim;;;;9;MBSP2025184;Sim ;;Sim;;
MAPLE BEAR PARNAMIRIM;;Potente;165;171;208;37;82,39%;4;NÃO USA CRM;48;5%;SIM;SIM;;41;;Não ;FDMP/Roy/Portifólio;Ainda não há acordo para a pendência financeira. Além disso, já realizamos tentativa de contato para falar sobre voucher, mas sem sucesso ;GERAR VOUCHERS A 5% POIS APÓS ANALISE DO TIME FINANCEIRO, ESSA ESCOLA NÃO É OFENSORA EM INADIMPLENCIA. OS VOUCHERS SERÃO CONCEDIDOS MEDIANTE COMPROMISSO DE UTILIZAÇÃO DA TODDLE;9;MBRN2025187;;;;;
MAPLE BEAR RIO CLARO;ok ;Potente;167;178;219;41;81,25%;5;NÃO USA CRM;64;5%;;;;39;;Sim;Portifólio;;LIBERAR VOUCHERS, FIRMANDO COMPROMISSO DE UTILIZAÇÃO DA TODDLE;9;MBSP2025185;Sim;Não ;;;
MAPLE BEAR VINHEDO - BOSQUE;;Potente;186;173;214;41;80,81%;1;NÃO USA CRM;52;5%;;;;26;;Sim;Portifólio;;VOUCHERS LIBERADOS, FIRMANDO COMPROMISSO DE UTILIZAÇÃO DA TODDLE ;9;MBSP2025171;Sim;Sim;Sim;;
MAPLE BEAR CAMPINA GRANDE - MIRANTE;Confirmar número;Desenvolvimento;196;184;234;50;78,49%;1;NÃO USA CRM;88;3%;;;;14;217;Sim;Portifólio;Se alinhado Toddle, liberar 5%;LIBERAR 5% DE VOUCHER POIS COM BASE NA META FORMALIZADA, A ESCOLA ATINGIU 85% . (LIBERAR VOUCHERS, FIRMANDO COMPROMISSO DE UTILIZAÇÃO DA TODDLE);9;MBPB2024168;Sim;;;;
MAPLE BEAR SÃO PAULO - MORUMBI PAINEIRAS;;Alerta;200;177;438;272;37,94%;3;NÃO USA CRM;94;5%;;;;29;;Sim ;Portifólio/Não atingiu meta;;LIBERAR  5% DE VOUCHER POIS A META NÃO FOI FORMALIZADA PARA A ESCOLA.LIBERADO COM COMPROMISSO DE CONHECIMENTO DA FERRAMENTA, BEM COMO AUXILIO DA CENTRAL PARA IMPLANTAÇÃO ;9;MBSP2025165;Sim;;Sim;Sim;Está ciente e já deixou uma de suas funcionárias (Barbara) responsável por adquirir os kits que julgarem necessário
MAPLE BEAR ITABIRA - QUATORZE DE FEVEREIRO;;Potente;80;156;102;-54;152,81%;7;NÃO USA CRM;77;5%;;;10;;;Sim;;;HAVIA UMA INADIMPLÊNCIA QUE FOI REGULARIZADA;8;MBMG2025243;Sim ;N/A;Sim;;
MAPLE BEAR MARINGÁ - VILA MARUMBY;;Alerta;121;163;147;-16;111,02%;2;NÃO USA CRM;144;5%;;;;11;;Sim;Portifólio;;VOUCHERS LIBERADOS, FIRMANDO COMPROMISSO DE UTILIZAÇÃO DA TODDLE ;8;MBPR2025218;Sim;Sim;Sim;;
MAPLE BEAR JOINVILLE - ATIRADORES;;Potente;122;163;149;-14;109,15%;4;NÃO USA CRM;108;5%;;;18;;;Sim ;;;;8;MBSC2025213;Sim ;N/A;Sim;;
MAPLE BEAR NOVA LIMA - ALPHAVILLE LAGOA DOS INGLESES;ok;Alta Performance;164;164;161;-3;101,75%;3;NÃO USA CRM;31;5%;;;;28;;Sim;Portifólio;;ALINHADO COM RAMIRES LIBERAR OS VOUCHERS DESSA ESCOLA DIANTE DA SITUAÇÃO APONTADA SOBRE A TODDLE. A PARTIR DE SETEMBRO, INVESTIGAREMOS AS SINALIZAÇÕES PARA DAR O RETORNO A OWNER;8;MBMG2025188;Sim;;Sim;;
MAPLE BEAR LIMEIRA;ok;Potente;115;151;161;10;94,05%;3;NÃO USA CRM;93;5%;;;;32;;Não ;Portifólio;Andressa vai analisar qual a melhor data para a implantação na escola. ;LIBERAR VOUCHERS, FIRMANDO COMPROMISSO DE UTILIZAÇÃO DA TODDLE;8;MBSP20225222;;;;;
MAPLE BEAR GOVERNADOR VALADARES;;Potente;129;155;168;13;92,37%;3;NÃO USA CRM;105;5%;;;;25;;Sim;Portifólio;;VOUCHERS LIBERADOS, FIRMANDO COMPROMISSO DE UTILIZAÇÃO DA TODDLE;8;MBMG2025208;Sim;Sim;Sim;;
MAPLE BEAR JUIZ DE FORA -SANTA LUZIA;;Potente;122;156;169;13;92,06%;3;USA CRM;80;5%;;;11;;;Sim ;;;;8;MBMG2025212;Sim ;;Sim;;
MAPLE BEAR CHAPECÓ;Sem numero ;Alerta;121;150;169;19;88,87%;1;NÃO USA CRM;87;5%;;;;9;;Não ;Portifólio;Karina está em viagem e me pediu para falar com Jessica. Liguei para Jessica, expliquei, e ela vai coonversar com a coordenação pedagógica e me dar o retorno final segunda feira, dia 02/09;LIBERAR VOUCHERS, FIRMANDO COMPROMISSO DE UTILIZAÇÃO DA TODDLE;8;MBSC2025214;;;;;
MAPLE BEAR UBERLÂNDIA - VIGILATO PEREIRA;;Desenvolvimento;177;160;191;31;83,77%;1;NÃO USA CRM;279;5%;;;;11;;Sim;Portifólio;;LIBERAR VOUCHERS, FIRMANDO COMPROMISSO DE UTILIZAÇÃO DA TODDLE;8;MBMG2025175;Sim;Sim;Sim;;
MAPLE BEAR SANTA MARIA - CENTRO;;Potente;159;159;208;49;76,57%;4;USA CRM;99;3%;SIM;SIM;;10;200;Não ;FDMP/ROY/Portifólio;Ainda não há acordo para as pendências financeiras;GERAR VOUCHERS A 5% POIS APÓS ANALISE DO TIME FINANCEIRO, ESSA ESCOLA NÃO É OFENSORA EM INADIMPLENCIA. OS VOUCHERS SERÃO CONCEDIDOS MEDIANTE COMPROMISSO DE UTILIZAÇÃO DA TODDLE - SERÃO GERADOS VOUCHERS A 5%, POIS A DIANTE DA META FORMALIZADA PARA A ESCOLA, O % DE ATINGIDO FOI 80%;8;MBRS2025191;;;;;
MAPLE BEAR PRAIA GRANDE;;Alerta;149;150;197;47;76,25%;3;NÃO USA CRM;152;5%;;;;20;;Sim;Portifólio;;VOUCHERS LIBERADOS, FIRMANDO COMPROMISSO DE UTILIZAÇÃO DA TODDLE ;8;MBSP2025199;Sim;Sim;Sim;;
MAPLE BEAR BALNEÁRIO CAMBORIÚ;;Alerta;170;151;202;51;74,94%;5;NÃO USA CRM;75;3%;;;13;;171;Sim ;;;CONSIDERAR 5% - POIS DE ACORDO COM A META FORMALIZADA, A ESCOLA ATINGIU 88% ;8;MBSC2025180;Sim ;N/A;Sim;;
MAPLE BEAR MONTES CLAROS - IBITURUNA;;Potente;104;132;127;-5;104,11%;;NÃO USA CRM;85;5%;;;7;;;Sim ;;;;7;MBMG2025227;Sim ;N/A;Sim;;
MAPLE BEAR POUSO ALEGRE - FÁTIMA;;Desenvolvimento;132;144;147;3;97,77%;1;NÃO USA CRM;22;5%;;;7;;;Sim ;;;;7;MBMG2025206;Sim ;;Sim;;
MAPLE BEAR SALVADOR - CANELA;ok;Potente;112;135;144;9;93,79%;8;NÃO USA CRM;48;5%;;;;6;;Sim;Portifólio;;VOUCHERS LIBERADOS, FIRMANDO COMPROMISSO DE UTILIZAÇÃO DA TODDLE;7;MBBA2025224;Sim;Sim;Sim;;
MAPLE BEAR CAMAÇARI - BUSCA VIDA;;Potente;136;136;163;27;83,57%;;USA CRM;145;5%;;;;12;;Sim;Portifólio;;LIBERAMOS OS VOUCHERS, FIRMANDO COMPROMISSO DE UTILIZAÇÃO DA TODDLE (EM 2 MESES) ;7;MBBA2025204;Sim;;Sim;;
MAPLE BEAR GUARUJÁ - ENSEADA;;Alerta;144;147;182;35;80,94%;9;NÃO USA CRM;69;5%;;;;12;;Sim;Portifólio;;VOUCHERS LIBERADOS, FIRMANDO COMPROMISSO DE UTILIZAÇÃO DA TODDLE ;7;MBSP2025201;Sim;Sim;Sim;;
MAPLE BEAR PASSO FUNDO – VILA LUIZA;;Potente;124;149;186;37;79,91%;3;NÃO USA CRM;72;3%;;;11;;148;Sim ;;;CONSIDERAR 5%, POIS A META FORMALIZADA ESTÁ DIVERGENTE DO GESTÃO (ALINHADO COM RAMIRES) ;7;MBRS2025211;Sim ;;Sim;;
MAPLE BEAR VITÓRIA - JARDIM DA PENHA;;Alta Performance;162;141;180;39;78,50%;;NÃO USA CRM;84;3%;;;13;;;Sim;;;CONSIDERAR 5% POIS A META NÃO FOI FORMALIZADA PARA A ESCOLA (ALINHADO COM RAMIRES) ;7;MBES2025189;Sim ;N/A;Sim;;
MAPLE BEAR RIO DE JANEIRO - VILA VALQUEIRE;;Alerta;131;138;177;39;77,87%;4;NÃO USA CRM;101;3%;;;14;;176;Sim;;;LIBERADO A 3% POIS A META FORMALIZADA NÃO ALTERA A RANGE DE % DE META ATINGIDA ;7;MBRJ2025207;Sim ;;Sim;;
MAPLE BEAR LINHARES - TRÊS BARRAS;Sem numero ;Potente;125;143;195;52;73,30%;4;NÃO USA CRM;26;3%;;;;21;189;Sim;Portifólio;decisão Ana ok. André ciente das informações, vai conversar com a diretora para nos passar uma data expectativa para implantação do uso do portifólio. Após verificar com a diretora, Andre me retornou que o time vai treinar sobre a toddle, e a aprtir daí vai me passar o prazo para implantação do portifolio. Vamos acompanhando para conseguir captar uma data com ele.;META DIVERGENTE, CONSIDERAR 5%;7;MBES2025209;Sim;;;;
MAPLE BEAR MACAPÁ;;Implantação;;1;66;65;1,52%;;NÃO USA CRM;49;0%;;;;;;Sim;Implantação;PREVISÃO DE ABERTURA PARA AGOSTO/CRIAR UM VOUCHER POR SÉRIE, DO TODDLER ATÉ O Y2 ;PREVISÃO DE ABERTURA PARA AGOSTO/CRIAR UM VOUCHER POR SÉRIE, DO TODDLER ATÉ O Y2. Owner informou no dia 25/09 para a Ana que vai ofertar também o bear care devido a alta procura (foi alinhada a mudança de oferta também com a Marta segundo a owner Raissa) ;7;MBMACAPAAMOSTRA100;Sim;N/A;Sim;;
MAPLE BEAR JACAREÍ;ok;Potente;65;111;89;-22;124,47%;6;NÃO USA CRM;55;5%;SIM;SIM;8;;;Sim;FDMP/Roy;Onwer falou com quintela que permitiu uma condição especial de acordo. Liberei os vouchers em 25/09, e a Cydi já está ciente que precisa seguir com a formalizalçao do acordo dessa escola. ;GERAR VOUCHERS A 5% POIS APÓS ANALISE DO TIME FINANCEIRO, ESSA ESCOLA NÃO É OFENSORA EM INADIMPLENCIA.;6;MBSP2025252;Sim;N/A;Sim;;
MAPLE BEAR GUARAPARI - MUQUIÇABA;ok;Potente;84;119;104;-15;114,19%;2;NÃO USA CRM;38;5%;;;;19;;Não ;Portifólio;;LIBERAR VOUCHERS, FIRMANDO COMPROMISSO DE UTILIZAÇÃO DA TODDLE;6;MBES2025242;;;;;
MAPLE BEAR BELO HORIZONTE III - SAGRADA FAMÍLIA;;Potente;80;118;105;-13;112,03%;4;NÃO USA CRM;197;5%;;;;24;;Sim;Portifólio;;VOUCHERS LILBERADOS, FIRMANDO COMPROMISSO DE UTILIZAÇÃO DA TODDLE;6;MBMG2025244;Sim;Não ;Sim;;
MAPLE BEAR TRÊS LAGOAS;;Potente;91;115;109;-6;105,97%;1;NÃO USA CRM;50;5%;;;;16;;Sim;Portifólio;;VOUCHERS LIBERADOS, FIRMANDO COMPROMISSO DE UTILIZAÇÃO DA TODDLE ;6;MBMS2025235;Sim;Sim;Sim;;
MAPLE BEAR CARUARU;;Potente;73;114;119;5;96,01%;2;NÃO USA CRM;60;5%;;;8;;;Sim ;;;;6;MBPE2025247;Sim ;;Sim;;
MAPLE BEAR BRAGANÇA PAULISTA;;Potente;98;115;123;8;93,29%;4;NÃO USA CRM;62;5%;;;;14;;Sim;Portifólio;;VOUCHERS LIBERADOS, FIRMANDO COMPROMISSO DE UTILIZAÇÃO DA TODDLE;6;MBSP2025233;Sim;Sim;Sim;;
MAPLE BEAR BOTUCATU - VILA NOGUEIRA;ok;Potente;103;116;125;9;93,02%;7;NÃO USA CRM;58;5%;;;;14;;Não ;Portifólio;Não conseguimos falar com a owner. Falmos com Karla que ainda não deu retorno definitivo. ;CONVERSAMOS COM KARLA QUE FIRMOU O COMPROMISSO. FALTA O DE ACORDO NO EMAIL ;6;MBSP2025229;;;;;
MAPLE BEAR ITATIAIA - PENEDO;;Potente;104;120;129;9;92,69%;3;NÃO USA CRM;104;5%;;;10;;;Sim ;;;;6;MBRJ2025226;Sim ;;Sim;;
MAPLE BEAR ARAÇATUBA;Decidir com Ramires abordagem para essa escola ;Alerta;125;122;134;12;91,35%;1;NÃO USA CRM;48;5%;;;;19;;Não ;Portifólio;Decidir com Ramires abordagem para essa escola.;LIBERAR VOUCHERS, FIRMANDO COMPROMISSO DE UTILIZAÇÃO DA TODDLE;6;MBSP2025210;;;;;
;;;;;;;;;;;;;;;;;;;Falei com Mônica e ela junto a direção e a asistente de coordação. A gestão pedagógica da equipe é nova, fizeram uma movimentação no inicio do ano para iniciar utilização da Toddle, mas de forma interna. Para o segundo semestre, a ideia era utilizar o portifólio para o Midle Years (do sexto ao nono ano), mas não eu certo por conta das mudanças na escola. Hoje ainda utiliza o Tellme, mas comprometeram a utilizar para o próximo semestre. Sinalizou que como melhoria, precisa da opção de ajustes após criar a mensagem. ;;;;;;;;
MAPLE BEAR RIO DE JANEIRO - MÉIER;;Potente;102;123;135;12;91,05%;;NÃO USA CRM;93;5%;;;2;21;;Sim;Portifólio;;VOUCHER LIBERADO;6;MBRJ2025231;Sim;Sim;Sim;;
MAPLE BEAR SERTÃOZINHO - CENTRO;;Desenvolvimento;112;128;143;15;89,48%;3;NÃO USA CRM;26;5%;SIM;SIM;;26;;Não ;FDMP/Roy/Portifólio;"21/08/2024 - Situação de inadimplência complicadíssima; será necessário maior tempo para conclusão de um acordo. Status CRM";GERAR VOUCHERS A 5% POIS APÓS ANALISE DO TIME FINANCEIRO, ESSA ESCOLA NÃO É OFENSORA EM INADIMPLENCIA. OS VOUCHERS SERÃO CONCEDIDOS MEDIANTE COMPROMISSO DE UTILIZAÇÃO DA TODDLE;6;MBSP2025223;;;;;
MAPLE BEAR ARARAQUARA - VILA HARMONIA;;Potente;143;150;173;23;86,86%;2;NÃO USA CRM;86;5%;;;;26;;Sim;Portifólio;;LIBERAR VOUCHERS, FIRMANDO COMPROMISSO DE UTILIZAÇÃO DA TODDLE;8;MBSP2025203;Sim;Sim;Sim;;
MAPLE BEAR TERESÓPOLIS;;Potente;118;127;156;29;81,66%;2;NÃO USA CRM;111;5%;SIM;SIM;;10;;Sim;FDMP/Roy/Portifólio;;CONFORME ALINHADO COM RAMIRES EM 28/08, LIBERAREMOS OS VOUCHERS DESSA ESCOLA, E POSTERIORMENTE RAMIRES VAI FALAR SOBRE TODDLE COM OS OWNERS. SOBRE PENDÊNCIA FINANCEIRA, DIRETORIA MAPLE JA VEM TRATANDO.;6;MBRJ2025219;Sim;;Sim;;
MAPLE BEAR SANTO ANDRÉ - CAMPESTRE;ok ;Alta Performance;119;110;140;30;78,73%;2;NÃO USA CRM;131;5%;;;;11;;Sim;Portifólio;Owner ressitente com a utilização do portifolio. Informa que precisa de treinamentos com a equipe antes de tomar qualquer decisão. Alinhei com Ramires disponibilizar os vouchers, e vamos acompanhando essa escola para programar o treinamento, e fazer todo o acompanhamento necessário. Ramires estará na escla em 02/09 e conversará com o Felipe. Liberados os vouchers do grupo economico. SA, SC E KLABIN;LIBERAR VOUCHERS A 5%, FIRMANDO COMPROMISSO DE UTILIZAÇÃO DA TODDLE;6;MBSP2025221;Sim;n/a;Sim;;
MAPLE BEAR ALDEIA DA SERRA;;Desenvolvimento;118;115;150;35;76,49%;;NÃO USA CRM;25;3%;;;;1;133;Sim ;Toddle;Se alinahdo, liberar 5%;LIBERADO VOUCHER A  5% POIS DIANTE DA META FORMALIZADA, A ESCOLA ATINGIU 86%;6;MBSP2025220;Sim ;Sim ;Sim ;;
MAPLE BEAR SÃO PAULO - SÃO MIGUEL PAULISTA;ok ;Alerta;151;116;178;62;65,07%;5;NÃO USA CRM;239;3%;;;;30;182;Sim;Portifólio;Edinalva vai analisar com a equipe sobre a utilização de portifólio. Ligar em 30/08.;VOUCHERS LIBERADOS  A 5% FIRMANDO COMPROMISSO DE UTILIZAÇÃO DA TODDLE META DIVERGENTE;6;MBSP2025196;Sim;Sim;Sim;;
MAPLE BEAR ARACAJU - ATALAIA;;Implantação;;;0;0;;;NÃO USA CRM;39;0%;;;;;;Sim;Implantação;1 voucher por série;ESCOLA ESTÁ EM IMPLANTAÇÃO/ CRIAR UM VOUCHER POR SÉRIE, DO TODDLER ATÉ O Y2 ;6;MBATALAIAAMOSTRA100;Sim;N/A;Sim;;
MAPLE BEAR CABO FRIO;;Implantação;;2;0;-2;;;NÃO USA CRM;65;0%;;;;;;Sim;Implantação;1 voucher por série;ESCOLA ESTÁ EM IMPLANTAÇÃO/ CRIAR UM VOUCHER POR SÉRIE, DO BEAR CARE ATÉ O Y1;6;MBCABOFRIOAMOSTRA100;Sim;N/A;Sim;;
MAPLE BEAR GUARAPUAVA;;Implantação;;;0;0;;;NÃO USA CRM;8;0%;;;;;;Sim;Implantação;1 voucher por série;ESCOLA ESTÁ EM IMPLANTAÇÃO/ CRIAR UM VOUCHER POR SÉRIE, DO TODDLER ATÉ O Y2 ;6;MBGUARAPUAVAAMOSTRA100;Sim;N/A;Sim;;
MAPLE BEAR CAXIAS DO SUL – PLANALTO;;Potente;58;107;79;-28;135,23%;4;NÃO USA CRM;146;5%;;;;26;;Sim;Portifólio;;VOUCHERS LIBERADOS, FIRMANDO COMPROMISSO DE UTILIZAÇÃO DA TODDLE;5;MBRS2025256;Sim;Não ;Sim;;
MAPLE BEAR CURITIBA II - BATEL;;Potente;64;102;93;-9;109,32%;;NÃO USA CRM;151;5%;;;;24;;Sim;Portifólio;;VOUCHERS LIBERADOS, FIRMANDO COMPROMISSO DE UTILIZAÇÃO DA TODDLE ;5;MBPR2025254;Sim;Sim;Sim;;
MAPLE BEAR CONTAGEM;;Potente;87;102;105;3;96,81%;1;NÃO USA CRM;124;5%;;;10;;;Sim ;;;;5;MBMG2025239;Sim ;Sim ;Sim;;
MAPLE BEAR NOVA MUTUM;;Potente;86;93;106;13;87,80%;;NÃO USA CRM;44;5%;;;;11;;Sim;Portifólio;;VOUCHERS LIBERADOS, FIRMANDO COMPROMISSO DE UTILIZAÇÃO DA TODDLE;5;MBMT2025241;Sim;Sim;Sim;;
MAPLE BEAR IPATINGA – CIDADE NOBRE;;Implantação;;1;70;69;1,43%;;NÃO USA CRM;19;0%;;;;;;Sim;Implantação;1 voucher por série;PREVISÃO DE ABERTURA PARA AGOSTO/  CRIAR UM VOUCHER POR SÉRIE, DOBEAR CARE ATÉ O SK;5;MBIPATINGAAMOSTRA100;Sim;N/A;Sim;;
MAPLE BEAR BENTO GONÇALVES;;Implantação;;;0;0;;;USA CRM;;0%;;;;;;Analisar;Implantação;1 voucher por série;ESCOLA ESTÁ EM IMPLANTAÇÃO/ CRIAR UM VOUCHER POR SÉRIE, DOBEAR CARE ATÉ O SK;5;MBBENTOAMOSTRA100;;;;;
MAPLE BEAR CONSELHEIRO LAFAIETE;;Implantação;;;0;0;;;USA CRM;;0%;;;;;;Sim;Implantação;1 voucher por série;ESCOLA ESTÁ EM IMPLANTAÇÃO/CRIAR UM VOUCHER POR SÉRIE, DO BEAR CARE ATÉ O SK;5;MBCONSELHEIROAMOSTRA100;Sim;N/A;Sim;;
MAPLE BEAR GOIÂNIA - ITUMBIARA;;Implantação;;;;;;;USA CRM;;0%;;;;;;Sim;Implantação;1 voucher por série;ESCOLA ESTÁ EM IMPLANTAÇÃO/CRIAR UM VOUCHER POR SÉRIE, DO BEAR CARE ATÉ O SK;5;MBITUMBIARAAMOSTRA100;Sim;N/A;Sim;;
MAPLE BEAR GRAMADO;;Implantação;;1;0;-1;;;NÃO USA CRM;5;0%;;;;;;Sim;Implantação;1 voucher por série;ESCOLA ESTÁ EM IMPLANTAÇÃO/ CRIAR UM VOUCHER POR SÉRIE, DO BEAR CARE ATÉ O SK;5;MBGRAMADOAMOSTRA100;Sim;N/A;Sim;;
MAPLE BEAR MARABÁ;;Implantação;;;70;70;;;USA CRM;;0%;;;;;;Sim;Implantação;1 voucher por série;ESCOLA ESTÁ EM IMPLANTAÇÃO/ CRIAR UM VOUCHER POR SÉRIE, DO BEAR CARE ATÉ O SK;5;MBMARABÁAMOSTRA100;Sim;N/A;Sim;;
MAPLE BEAR MINEIROS - PARQUE SÃO JOSÉ;;Implantação;;;;;;;USA CRM;;0%;;;;;;Sim;Implantação;1 voucher por série;ESCOLA ESTÁ EM IMPLANTAÇÃO/ CRIAR UM VOUCHER POR SÉRIE, DO BEAR CARE ATÉ O SK;5;MBMINEIROSAMOSTRA100;Sim;N/A;Sim;;
MAPLE BEAR PARQUE SÃO JORGE;;Implantação;;;0;0;;;USA CRM;;0%;;;;;;Sim;Implantação;1 voucher por série;ESCOLA ESTÁ EM IMPLANTAÇÃO/ CRIAR UM VOUCHER POR SÉRIE, DO BEAR CARE ATÉ O SK;5;MBSAOJORGEAMOSTRA100;Sim;N/A;Sim;;
MAPLE BEAR PINDAMONHANGABA;;Implantação;;;0;0;;;USA CRM;;0%;;;;;;Sim;Implantação;1 voucher por série;ESCOLA ESTÁ EM IMPLANTAÇÃO/ CRIAR UM VOUCHER POR SÉRIE, DO BEAR CARE ATÉ O SK;5;MBPINDAMONHANGABAAMOSTRA100;Sim;N/A;Sim;;
MAPLE BEAR RONDONÓPOLIS;;Implantação;;;0;0;;;NÃO USA CRM;22;0%;;;;;;Sim;Implantação;1 voucher por série;ESCOLA ESTÁ EM IMPLANTAÇÃO/ CRIAR UM VOUCHER POR SÉRIE, DO BEAR CARE ATÉ O SK;5;MBRONDONOPOLISAMOSTRA100;Sim;N/A;Sim;;
MAPLE BEAR SETE LAGOAS;;Implantação;;;0;0;;;USA CRM;;0%;;;;;;Sim;Implantação;1 voucher por série;ESCOLA ESTÁ EM IMPLANTAÇÃO/ CRIAR UM VOUCHER POR SÉRIE, DO BEAR CARE ATÉ O SK;5;MBSETELAGOASAMOSTRA100;Sim;N/A;Sim;;
MAPLE BEAR SÃO JOSÉ DOS PINHAIS;;Potente;30;70;53;-17;130,95%;4;NÃO USA CRM;120;5%;;;;9;;Sim;Portifólio;;VOUCHERS LIBERADOS, FIRMANDO COMPROMISSO DE UTILIZAÇÃO DA TODDLE;4;MBPR2025275;Sim;Não ;Sim;;
MAPLE BEAR ASSIS;ok;Implantação;;85;71;-14;119,72%;4;NÃO USA CRM;34;5%;;;2;7;;Sim;;;VOUCHER LIBERADO;4;MBSP2025299;Sim;N/A;Sim;;
MAPLE BEAR ITAPETININGA;;Potente;53;81;72;-9;113,14%;4;USA CRM;99;5%;;;;14;;Sim;Portifólio;;VOUCHERS LIBERADOS, FIRMANDO COMPROMISSO DE UTILIZAÇÃO DA TODDLE;4;MBSP2025260;Sim;Não ;Sim;;
MAPLE BEAR VALPARAÍSO DE GOIÁS;;Alerta;51;73;65;-8;111,79%;;NÃO USA CRM;68;5%;;;;8;;Sim;Portifólio;;VOUCHERS LIBERADOS, FIRMANDO COMPROMISSO DE UTILIZAÇÃO DA TODDLE ;4;MBGO2025262;Sim;Sim;Sim;;
MAPLE BEAR SÃO CARLOS;ok;Potente;53;71;74;3;95,76%;1;NÃO USA CRM;48;5%;;;;17;;Sim;Portifólio;;LIBERAR VOUCHERS, FIRMANDO COMPROMISSO DE UTILIZAÇÃO DA TODDLE;4;Códdigo antigo: MBSP2025291// Código certo: MBSP2025203;Sim;Sim;Sim;;
MAPLE BEAR SÃO ROQUE;;Potente;72;84;88;4;95,60%;3;USA CRM;53;5%;;;5;;;Sim ;;;;4;MBSP2025248;Sim ;;Sim;;
MAPLE BEAR RIO DE JANEIRO - GÁVEA;Sem numero ;Potente;68;80;91;11;87,82%;3;NÃO USA CRM;48;5%;;;;14;;Sim;Portifólio;;LIBERAR VOUCHERS, FIRMANDO COMPROMISSO DE UTILIZAÇÃO DA TODDLE;4;MBRJ2025251;Sim;Sim;Sim;;
MAPLE BEAR ARARAS - JARDIM PIRATININGA;Sem numero ;Potente;74;85;99;14;86,05%;;USA CRM;44;5%;;;;20;;Sim;Portifólio;;VOUCHERS liberados , FIRMANDO COMPROMISSO DE UTILIZAÇÃO DA TODDLE;4;MBSP2025246;Sim;;;;
MAPLE BEAR ITATIBA - RESIDENCIAL FAZENDA ROSA;;Potente;63;70;82;12;85,31%;3;NÃO USA CRM;41;5%;;;;10;;Sim;Portifólio;;VOUCHERS LIBERADOS/ DEVIDO AO ACONTECIMENTO EM CAMPINAS TAQUARAL, NÃO FALAMOS SOBRE ACORDO DE PORTIFÓLIO COM ESSA ESCOLA;4;MBSP2025255;Sim;N/A;Sim;;
MAPLE BEAR - DUQUE DE CAXIAS;ok ;Implantação;;51;70;19;72,86%;3;NÃO USA CRM;313;3%;;;;1;;Não ;Toddle;;VOUCHERS LIBERADOS FIRMANDO COMPROMISSO DE UTILIZAÇÃO TODDE. LIBERAR 5% POIS NÃO FOI FORMALIZADA NENHUMA META PARA A ESCOLA. ;4;MBRJ2025303;Sim;;;;
MAPLE BEAR RIO BRANCO - AVIÁRIO;;Stand by;173;112;169;57;66,40%;;NÃO USA CRM;27;3%;;;2;;240;Sim;Meta;;LIBERAR 3%;4;MBAC2025178;Sim;N/A;Sim;;
MAPLE BEAR ARAGUAINA;;Implantação;;;0;0;;;USA CRM;;0%;;;;;;Sim;Implantação;1 voucher por série;ESCOLA ESTÁ EM IMPLANTAÇÃO/ CRIAR UM VOUCHER POR SÉRIE, DO TODDLER ATÉ O SK;4;MBARAGUAINAAMOSTRA100;Sim;N/A;Sim;;
MAPLE BEAR BOA VIAGEM;;Implantação;;;0;0;;;USA CRM;;0%;;;;;;Sim;Implantação;1 voucher por série;ESCOLA ESTÁ EM IMPLANTAÇÃO/ CRIAR UM VOUCHER POR SÉRIE, DO BEAR CARE ATÉ O JK;4;MBBOAVIAGEMAMOSTRA100;Sim;N/A;Sim;;
MAPLE BEAR LUCAS DO RIO VERDE – ZONA SUL;ok;Implantação;14;47;15;-32;308,77%;3;NÃO USA CRM;52;5%;;;;10;;Sim;Portifólio;Havia uma pendência financeira que foi regularizada conforme feed;VOUCHERS LIBERADOS, FIRMANDO COMPROMISSO DE UTILIZAÇÃO DA TODDLE;3;MBMT2025282;Sim;Sim;Sim;;
MAPLE BEAR DOURADOS - JARDIM MÔNACO;ok;Implantação;16;53;18;-26;246,12%;6;NÃO USA CRM;42;5%;;;;8;;Não;Toddle;Valter vai direcionar a coordenação pedagógica para falar comigo/ Vinicius já fez acordo sobre inadimplência que havia nessa escola;;3;MBMS2025236;;;;;
MAPLE BEAR DIVINÓPOLIS;ok;Alerta;30;53;44;-9;119,18%;3;NÃO USA CRM;41;5%;;;;2;;Sim;FDMP/Roy/Toddle;Conforme alinhado com Vinicius (financeiro) Foi realizado acordo para pendência financeira;VOUCHERS LIBERADOS FIRMANDO COMPROMISSO DE UTILIZAÇÃO DA TODDLE. NOS COLOCAMOS A DISPOSIÇÃO PARA AUXILIAR, POIS O OWNER RELATOU QUE A COORDENAÇAO ESTÁ TENDO DIFICULDADE ;3;MBMG2025274;Sim;Sim;Sim;;
MAPLE BEAR SÃO PAULO – PENHA DE FRANÇA;Sem numero ;Potente;34;51;45;-6;113,44%;;NÃO USA CRM;144;5%;SIM;SIM;;14;;Não ;FDMP/Roy/Portifólio;Vinicius vai tentar contato por conta das pendências financeiras;GERAR VOUCHERS A 5% POIS APÓS ANALISE DO TIME FINANCEIRO, ESSA ESCOLA NÃO É OFENSORA EM INADIMPLENCIA. OS VOUCHERS SERÃO CONCEDIDOS MEDIANTE COMPROMISSO DE UTILIZAÇÃO DA TODDLE;3;MBSP2025271;;;;;
MAPLE BEAR MAUÁ - BOCAINA;;Alerta;31;51;51;0;100,72%;1;NÃO USA CRM;120;5%;;;;6;;Sim;Portifólio;;VOUCHERS LIBERADOS, FIRMANDO COMPROMISSO DE UTILIZAÇÃO DA TODDLE ;3;MBSP2025290;Sim;Sim;Sim;;
MAPLE BEAR GUARATINGUETÁ;;Potente;37;52;52;0;99,80%;1;NÃO USA CRM;32;5%;;;7;;;Sim ;;;;3;MBSP2025268;Sim ;N/A;Sim;;
MAPLE BEAR BLUMENAU;;Implantação;;66;70;4;94,29%;2;NÃO USA CRM;130;5%;;;11;;;Sim ;;;;3;MBSC2025286;Sim ;;Sim;;
MAPLE BEAR JAGUARIÚNA - CHÁCARA PRIMAVERA;;Potente;44;56;60;4;93,69%;;NÃO USA CRM;36;5%;;;5;;;Sim ;;;;3;MBSP2025267;Sim ;;Sim;;
MAPLE BEAR TABOÃO DA SERRA;ok;Alerta;37;45;48;3;93,66%;3;NÃO USA CRM;89;5%;;;;1;;Sim;Toddle;;VOUCHERS LIBERADOS, FIRMANDO COMPROMISSO DE UTILIZAÇÃO DA TODDLE ;3;MBSP2025301;Sim;Sim;Sim;;
MAPLE BEAR ARAXÁ - VILLAGIO JARDIM;ok;Implantação;;56;60;4;93,33%;3;USA CRM;61;5%;;;;;;Não ;Toddle;Alinhei com a Valda: passar os webinars para o time pedagógico assistir sobre a Toddle, após isso vamos marcar uma call para alinhar a expectativa de utilizaçã ;RAMIRES ANALISAR;3;MBMG2025300;;;;;
MAPLE BEAR JI-PARANÁ;;Alerta;45;63;70;7;89,77%;;NÃO USA CRM;104;5%;;;;11;;Sim;Portifólio;;VOUCHERS LIBERADOS, FIRMANDO COMPROMISSO DE UTILIZAÇÃO DA TODDLE;3;MBRO2025265;Sim;Não;Sim;;
MAPLE BEAR LAGOA SANTA;;Implantação;;60;68;8;88,24%;5;NÃO USA CRM;119;5%;;;;4;;Não ;Portifólio;;LIBERAR VOUCHERS, FIRMANDO COMPROMISSO DE UTILIZAÇÃO DA TODDLE;3;MBSP2025292;Sim;Sim;Sim;;
MAPLE BEAR BARRETOS;ok ;Implantação;;57;70;13;81,43%;3;NÃO USA CRM;39;5%;;;;9;;Sim;Portifólio;;VOUCHERS LIBERADOS, FIRMANDO COMPROMISSO DE UTILIZAÇÃO DA TODDLE;3;MBSP2025293;Sim;;;;
MAPLE BEAR IMPERATRIZ – TRÊS PODERES;ok ;Alerta;103;107;143;36;74,68%;3;NÃO USA CRM;80;3%;;;;9;137;Sim;Portifólio;Owner resistente, mas aceitou iniciarmos análise do funcionamento da Toddle para conhecerem melhor a ferramenta. decisão Ana ok;VOUCHERS LIBERADOS A 3% FIRMANDO COMPROMISSO DE UTILIZAÇÃO DA TODDLE (NAO VAMOS MUDAR A % DE VOUCHERS POIS MESMO COM A CORREÇÃO DE META, A ESCOLA PASSA PARA 78% DE ATINGIMENTO);3;MBMA2025228;Sim;Não;;;
MAPLE BEAR CASA VERDE;;Potente;14;35;18;-17;189,44%;4;NÃO USA CRM;140;5%;;;6;;;Sim ;;;;2;MBSP2025283;Sim ;N/A;Sim;;
MAPLE BEAR LAVRAS;;Alerta;16;30;26;-4;114,89%;1;USA CRM;84;5%;;;;9;;Sim;Portifólio;;VOUCHERS LIBERADOS, FIRMANDO COMPROMISSO DE UTILIZAÇÃO DA TODDLE (ALLYSON PEDIU PARA FALARMOS COM PRISCILA);2;MBMG2025281;Sim;Sim;Sim;;
MAPLE BEAR OSASCO – KM 18;;Alerta;17;30;28;-2;106,61%;3;NÃO USA CRM;166;5%;;;;7;;Sim;Portifólio;;LIBERAR VOUCHERS, FIRMANDO COMPROMISSO DE UTILIZAÇÃO DA TODDLE/Contato realizado em 13/08, Guilherme vai passar os webinares para a equipe primeiro, para depois nos passar uma expectativa de utilização. (Retornar 16/08)/ VOUCHERS LIBERADOS, FIRMANDO COMPROMISSO DE UTILIZAÇÃO DA TODDLE ;2;MBSP2025279;Sim;Sim;Sim;;
MAPLE BEAR PORTO ALEGRE – ZONA SUL;Sem numero ;Desenvolvimento;29;47;46;-1;103,21%;2;NÃO USA CRM;112;5%;SIM;SIM;;13;;Não ;FDMP/Roy/Portifólio;Ainda não há acordo para a pendência financeira ;GERAR VOUCHERS A 5% POIS APÓS ANALISE DO TIME FINANCEIRO, ESSA ESCOLA NÃO É OFENSORA EM INADIMPLENCIA. OS VOUCHERS SERÃO CONCEDIDOS MEDIANTE COMPROMISSO DE UTILIZAÇÃO DA TODDLE;2;MBRS2025277;;;;;
MAPLE BEAR SÃO LEOPOLDO - CRISTO REI;;Potente;31;33;43;10;76,85%;;NÃO USA CRM;50;3%;SIM;SIM;2;;43;Sim;FDMP/Roy;Validar mais uma ve com yndi, e contatar dizzendo por coonta dos problemas, os vouchers estão retidos;ALINHADO COM RAMIRES A IBERAÇÃO DE 2 VOUCHERS DEVIDO A DIFICULDADE FINANCEIRA DA ESCOLA ;2;MBRS2025278;Sim;N/A;Sim;;
MAPLE BEAR BARREIRAS;ok ;Potente;50;55;73;18;75,68%;;NÃO USA CRM;38;3%;;;;9;96;Sim;Portifólio;Se alinhado Toddle, liberar 5%;VOUCHERS LIBERADOS IRMANDO COMPROMISSO DE UTILIZAÇÃO DA TODDLE;2;MBBA2025263;Sim;;;;
MAPLE BEAR SÃO PAULO - FREGUESIA DO Ó;Sem numero ;Implantação;;49;70;21;70,00%;5;NÃO USA CRM;205;3%;;;;12;;Não ;Portifólio;;LIBERAR VOUCHERS A 5% POIS NÃO HÁ FORMALIZAÇÃO DE META. LIBERAR FIRMANDO COMPROMISSO DE UTILIZAÇÃO DA TODDLE;2;MBSP2025294;;;;;
MAPLE BEAR CUIABÁ - JARDIM ITÁLIA;;Implantação;;44;70;26;62,86%;3;USA CRM;167;3%;;;;8;;Sim;Portifólio/Sem formalização de meta ;Adriane  solicitou desmembrar vouchers em 4 de 50% em 30/09 no whatsapp Ana ; VOUCHERS LIBERADOS, FIRMANDO COMPROMISSO DE UTILIZAÇÃO DA TODDLE. ;2;MBMT2025295;Sim;Não;Sim;;
MAPLE BEAR RIO DAS OSTRAS;Sem numero ;Implantação;;41;70;29;58,57%;3;NÃO USA CRM;67;0%;;;;4;;Não ;Toddle ;;LIBERADO VOUCHER MEDIANTE COMPROMISSO DE UTILIZAÇÃO TODDLE ;2;MBRJ2025304;Sim;;;;
MAPLE BEAR JARAGUÁ DO SUL;;Implantação;;35;70;35;50,00%;1;NÃO USA CRM;722;0%;;;5;;75;Sim;fev/24;;VOUCHERS LIBERADOS,UTILIZAÇÃO LIBERADA SOMENTE PARA ALUNOS ;2;MBSC2025287;Sim;N/A;Sim;;
MAPLE BEAR CASCAVEL;;Implantação;;26;75;45;35,00%;2;NÃO USA CRM;79;0%;;;5;;;Sim;Meta;;HAVIA UMA PENDÊNCIA QUE FOI REGULARIZADA/CONCEDER VOUCHER PARA UTILIZAÇÃO SOMENTE COM ALUNOS;2;MBPR2025296;Sim;N/A;Sim;;
MAPLE BEAR SÃO PAULO - VILA MADALENA;;Alerta;30;20;45;25;44,15%;;NÃO USA CRM;111;5%;;;;5;;Não ;Portifólio/Não atingiu meta;;LIBERAR A 5% POIS NÃO HÁ FORMALIZAÇÃO DE META. LIBERAR  FIRMANDO COMPROMISSO DE UTILIZAÇÃO DA TODDLE;1;MBSP2025276;;;;;
MAPLE BEAR ARAGUARI - MIRANDA;;Implantação;;14;75;59;19,00%;;NÃO USA CRM;45;0%;;;;1;;Não ;Toddle/Meta ;;LIBERAR VOUCHER MEDIANTE COMPROMISSO DE UTILIZAÇÃO TODDLE ;1;MBMG2025298;;;;;
MAPLE BEAR BELENZINHO;;Implantação;;10;75;63;13,00%;7;NÃO USA CRM;67;0%;;;;3;;Não ;FDMP/Roy/Toddle ;02/09/2024 - Pagamento das parcelas acordado em 4x à partir de 05/09. Renato informou que a escola já está utilizando o portifólio. orientamos a liberar a opção de curtida, pois entendemos que nao conseguimos acompanhar a utilização pois essa funcionalidade não está liberada .;;1;MBSP2025304;Sim;;Sim;;
MAPLE BEAR CAMPINAS - BARÃO GERALDO;;Implantação;;8;75;63;11,00%;3;USA CRM;49;0%;;;;3;;Sim;Toddle/Meta;5%, desde que aplicado comerialmente (não pode ser aplicado para funcionárioi ou filho de owner);VOUCHERS LIBERADOS, FIRMANDO COMPROMISSO DE UTILIZAÇÃO DA TODDLE (ESCOLA EM IMPLANTAÇÃO) SOMENTE UM VCOUHER;4;MBSP2025297;Sim;Sim;Sim;;
MAPLE BEAR JOÃO PESSOA - ALTIPLANO;;Implantação;;9;75;63;12,00%;6;NÃO USA CRM;88;0%;;;7;;75;Sim;jan/24;5%, desde que aplicado comerialmente (não pode ser aplicado para funcionárioi ou filho de owner);VOUCHER LIBERADO;1;MBPB2025288;Sim;N/A;Sim;;
MAPLE BEAR FLORIANÓPOLIS Norte;;Implantação;;14;75;-13;19,00%;;USA CRM;187;0%;;;5;;;Sim;Meta;;NÃO ATINGIU A META FORMALIZADA POR IMPLANTAÇÃO/ ABERTURA FEVEREIRO/24 ;1;MBSC2025289;Sim;N/A;Sim;;
MAPLE BEAR HORTOLÂNDIA;;Implantação;;15;75;59;20,00%;;NÃO USA CRM;125;0%;;;2;;;Sim;Toddle/Meta;;NÃO ATINGIU A META FORMALIZADA POR IMPLANTAÇÃO/ ABERTURA MAIO/24 ;1;MBSP2025303;;;;;
MAPLE BEAR SÃO PAULO - MOOCA;ok;Alerta;266;245;167;-78;146,62%;1;NÃO USA CRM;178;5%;;SIM;;4;;Não ;Roy/Toddle ;Liberar com compromisso de Todde. Ainda não há acordo para pendência financeira. Sobre a Toddle, Natalia está avaliando uma data para implantação.;;12;MBSP2532025;;;;;
MAPLE BEAR RIO DE JANEIRO - TIJUCA;;Potente;109;134;136;2;98,48%;1;NÃO USA CRM;107;5%;SIM;SIM;;1;;Não ;FDMP/Roy/Toddle;Ainda não há acordo para a pendência financeira ;;;;;;;;
MAPLE BEAR PORTO ALEGRE - HIGIENÓPOLIS;Sem numero ;Desenvolvimento;154;141;153;12;92,42%;5;NÃO USA CRM;126;5%;;;;33;;Não ;Portifólio;02/08/2024 - Acordos realizados para as pendências em aberto / Informação do CRM;;7;MBRS2025308;;;;;
MAPLE BEAR FORMOSA;ok ;Potente;71;70;93;23;75,20%;2;NÃO USA CRM;32;5%;;;;1;;Sim;Toddle;Owner super resistente. Aceitou nesse primeiro momento analisar a ferramenta junto ao seu time. ;RAMIRES ANALISAR - SE AUTORIZADO ENVIO, LIBERAR 5% POIS DNÃO FOI FORMALIZADA NENHUMA META PARA A ESCOLA;;;Sim;;;;
MAPLE BEAR CUIABÁ - RIBEIRÃO DO LIPA;;Stand by;161;124;170;46;72,95%;;NÃO USA CRM;49;3%;SIM;SIM;;;251;Não ;FDMP/ROY/Portifólio;Ainda não há acordo para as pendências financeiras;RAMIRES ANALISAR POIS DIANTE DA META FORMALIZADA, A ESCOLA ATINGIU 49%;;;;;;;
MAPLE BEAR SOROCABA - JARDIM SÃO CARLOS;;Alerta;327;234;364;130;64,22%;3;NÃO USA CRM;106;3%;SIM;SIM;;;369;Não ;FDMP/ROY;Ainda não há acordo para as pendências financeiras;(A META FORMALIZADA PARA A ESCOLA É MAIOR QUE A LEVANTADA INTERNAMENTE);12;MBSP2025306;;;;;
MAPLE BEAR PETRÓPOLIS;;Implantação;;30;75;40;40,00%;;USA CRM;54;0%;SIM;SIM;5;;;Não ;FDMP/Roy;Sobre pendência financeira: 28/08/2024 - Diversos ativos feitos, porém, sem resposta;;;;;;;;
MAPLE BEAR PRIMAVERA DO LESTE;;Implantação;;23;75;45;31,00%;1;USA CRM;52;0%;SIM;SIM;4;;;Não ;FDMP/Roy;Vinicius vai tentar contato por conta das pendências financeiras;;;;;;;;
MAPLE BEAR POÇOS DE CALDAS - CENTRO;;Implantação;1;17;75;53;23,19%;1;USA CRM;78;0%;SIM;SIM;4;;;Não ;FDMP/Roy;Vinicius vai tentar contato por conta das pendências financeiras;;;;;;;;
MAPLE BEAR PASSOS - CENTRO;ok ;Implantação;;12;75;59;16,00%;1;NÃO USA CRM;29;0%;;;;3;;Não ;Toddle/Meta ;;RAMIRES ANALISAR;;;;;;;
MAPLE BEAR NITERÓI - SANTA ROSA;Sem numero ;Potente;57;14;89;75;15,78%;;NÃO USA CRM;8;0%;;;;1;175;Não ;Toddle/Meta ;analiar niterói - grupo;RAMIRES ANALISAR;;;;;;;
MAPLE BEAR SOROCABA - ALTO DE BOA VISTA;Analisar com Ramires se podemos liberar;Alerta;39;35;78;-35;45%;2;NÃO USA CRM;55;0%;;;;5;78;Sim;Portifólio/Não atingiu meta;Iniciou a utilização do portifóio (report Diital de 07/11);RAMIRES ANALISAR;2;MBSP2025305;Sim;N/A;Sim;;
MAPLE BEAR ARCOVERDE;;Implantação;;;0;0;;;USA CRM;;0%;;;;;;Analisar;Implantação;1 voucher por série;ESCOLA ESTÁ EM IMPLANTAÇÃO /  CRIAR UM VOUCHER POR SÉRIE, DOBEAR CARE ATÉ O SK;5;MBARCOVERDEAMOSTRA100;;;;;
MAPLE BEAR ARUJÁ – VILA POMPEIA;;Implantação;;;0;0;;;USA CRM;;0%;;;;;;Analisar;Implantação;1 voucher por série;ESCOLA ESTÁ EM IMPLANTAÇÃO/CRIAR UM VOUCHER POR SÉRIE, DO TODDLER ATÉ O SK ;;;;;;;
MAPLE BEAR BALSAS;;Implantação;;;0;0;;;USA CRM;;0%;;;;;;Analisar;Implantação;1 voucher por série;ESCOLA ESTÁ EM IMPLANTAÇÃO/ CRIAR UM VOUCHER POR SÉRIE, DOBEAR CARE ATÉ O SK;MBBALSASAMOSTRA100;;;;;;
MAPLE BEAR CAMPO GRANDE;;Implantação;;32;75;0;43,00%;;USA CRM;;0%;;;2;;;Não ;Meta;;NÃO ATINGIU A META FORMALIZADA POR IMPLANTAÇÃO/ ABERTURA FEVEREIRO/24 ;;;;;;;
MAPLE BEAR CARIACICA;;Implantação;;;0;0;;;USA CRM;;0%;;;;;;Não;Implantação;1 voucher por série;INAUGURAÇÃO SOMENTE EM 2026;;;;;;;
MAPLE BEAR JUVENTUS;;Implantação;;;70;70;;;USA CRM;;0%;;;;;;Não ;Toddle ;;VERIFICAR DATA DE ABERTURA URGENTE;;;;;;;
MAPLE BEAR PARACATU;;Implantação;;;0;0;;;USA CRM;;0%;;;;;;Não;Implantação;1 voucher por série;INAUGURAÇÃO SOMENTE EM 2026. WASHINGTON INFORMOU NO GRUPO FORÇA TAREFA EM 04/06 AS 15:40 QUE A ESCOLA OFERTARA DO TODDLER AO JK ;3;MBPARACATUAMOSTRA100;;;;;
MAPLE BEAR RIO DE JANEIRO - CAMPO GRANDE;Sem numero ;Implantação;;32;75;0;43,00%;;USA CRM;;0%;;;;;;Não;Toddle/Meta;;NÃO ATINGIU META FORMALIZADA POR IMPLANTAÇÃO - ABERTURA FEV/2024 ;;;;;;;
MAPLE BEAR SÃO VICENTE - ITARARÉ;;Implantação;;;;;;;USA CRM;;0%;;;;;;Analisar;Implantação;1 voucher por série;ESCOLA ESTÁ EM IMPLANTAÇÃO/ LIBERAR 1 VOUCHER POR SÉRIE DO BEAR CARE ATÉ O SK ;;;;;;;
MAPLE BEAR ITU - JARDIM ROSINHA;Sem numero ;Stand by;31;9;0;-9;;2;NÃO USA CRM;6;5%;;;;3;;Não ;Toddle/Sem formalização de meta;;RAMIRES ANALISAR;;;;;;;
MAPLE BEAR BETIM;;;;;;;;;;;;;;;;;;;;Escola em implantação. Vouchers solicitados por Washington em 05/06 através do e-mail:Autorização SLM Amostra;5;MBBETIMAMOSTRA100;;;;;
;;;;;;;;;;;;;;;;;;;;;;;;;;;
;;;;;;;;;;;;;;;;;;;;;2600;26 de 100;;;;;
;;;;;;;;;;;;;;;;;;;;;;;;;;;
;;;;;;;;;;;;;;;;;;;;;1500;15 de 100;;;;;
;;;;;;;;;;;;;;;;;;;;;1100;22 de 50;;;;;
;;;;;;;;;;;;;;;;;;;;;;;;;;;
;;;;;;;;;;;;;;;;;;;;;;;;;;;
;;;;;;;;;;;;;;;;;;;;;;;;;;;
;;;;;;;;;;;;;;;;;;;;;;;;;;;
;;;;;;;;;;;;;;;;;;;;;;;;;;;
;;;;;;;;;;;;;;;;;;;;;;;;;;;
;;;;;;;;;;;;;;;;;;;;;;;;;;;
;;;;;;;;;;;;;;;;;;;;;;;;;;;
;;;;;;;;;;;;;;;;;;;;;;;;;;;
;;;;;;;;;;;;;;;;;;;;;;;;;;;
;;;;;;;;;;;;;;;;;;;;;;;;;;;
;;;;;;;;;;;;;;;;;;;;;;;;;;;
;;;;;;;;;;;;;;;;;;;;;;;;;;;
;;;;;;;;;;;;;;;;;;;;;;;;;;;
;;;;;;;;;;;;;;;;;;;;;;;;;;;
;;;;;;;;;;;;;;;;;;;;;;;;;;;
